Request ID,Recipient,Category,Item Requested,Report Section(s) Unblocked,Priority,Date Requested,Due Date,Status,Date Received,Notes
REQ-01,Corporate - Strategy/Planning,Corporate,"M&E Framework (Excel): KPI definitions, baselines, Year-1 to Year-4 targets and actuals","Ch 2 (all), Annex 9.4, headline tile 15, all sector KPI card targets",P1,,,NOT SENT,,
REQ-02,Corporate - Strategy/Planning,Corporate,Formal confirmation of the status thresholds (Achieved / On track >=90% / Attention 75-89% / Not achieved <75%),"2.1, 2.2",P1,,,NOT SENT,,
REQ-03,Corporate - Strategy/Planning,Corporate,Annual Action Plan FY2025/26 end-year monitoring report,2.3,P1,,,NOT SENT,,
REQ-04,Corporate - Strategy/Planning,Corporate,FY2024/25 Annual Report priorities/outlook section,2.4,P1,,,NOT SENT,,
REQ-05,Corporate - Strategy/Planning,Corporate,"Confirmation on vision, mission and values vs Strategic Plan 2022-2027","1.1, Ch 2 (CHK-21)",P1,,,NOT SENT,,
REQ-06,Corporate - Strategy/Planning,Corporate,Institutional risks and lessons learned,7.3,P1,,,NOT SENT,,
REQ-07,Corporate - Finance,Corporate,"Revenue by source, expenditure by category, budget vs actual, budget execution rate, with comparatives","6.4, tile 16, goal 9 rating",P1,,,NOT SENT,,
REQ-08,Corporate - Finance,Corporate,External audit opinion for the last five financial years,6.4,P1,,,NOT SENT,,
REQ-09,Corporate - Finance,Corporate,"Audited financial statements FY2025/26 with auditor's report, and the expected sign-off date",9.3,P1,,,NOT SENT,,
REQ-10,Corporate - Finance,Corporate,UAF income and disbursement by intervention,4.5,P1,,,NOT SENT,,
REQ-11,Corporate - Board Secretariat,Corporate,"Foreword text (~600-700 words), Chairperson name, RURA-owned portrait, signature, pull quote",Front matter,P1,,,NOT SENT,,
REQ-12,Corporate - Board Secretariat,Corporate,"Board composition, committee structure, attendance for the 12 ordinary and 2 extraordinary meetings",6.1,P1,,,NOT SENT,,
REQ-13,Corporate - Board Secretariat,Corporate,The four approved price decisions with effective dates and the schedules they replace,"4.3, 3.3, 3.4, 3.5",P1,,,NOT SENT,,
REQ-14,Corporate - Internal Audit/Risk,Corporate,Internal audit findings with closure status; risk management annual review,"6.1, 7.1",P1,,,NOT SENT,,
REQ-15,Corporate - Internal Audit/Risk,Corporate,"Likelihood, impact, owner and response for the nine identified risks",7.1,P1,,,NOT SENT,,
REQ-16,Corporate - Legal,Corporate,Complete register of regulatory instruments issued in FY2025/26,"4.1, 9.5",P1,,,NOT SENT,,
REQ-17,Corporate - Communication,Corporate,"Photograph rights and licences, or RURA-owned replacements",Throughout (CHK-22),P1,,,NOT SENT,,
REQ-18,Corporate - Communication,Corporate,Campaign audience reach and costs; any consumer satisfaction survey,5.2,P2,,,NOT SENT,,
REQ-19,Corporate - HR,Corporate,"Vacancy rate, turnover, training days, gender split by grade",6.2,P2,,,NOT SENT,,
REQ-20,Corporate - ICT/Information Systems,Corporate,"System availability, transaction volumes, share of applications submitted online",6.2,P2,,,NOT SENT,,
REQ-21,Sector Dept - ICT,Sector,"QoS results by operator against each licensed threshold, both years","3.2 Compliance, 3.1 quality row",P1,,,NOT SENT,,
REQ-22,Sector Dept - ICT,Sector,"Enforcement figures: inspections, compliance rate, directives issued and implemented, sanctions","3.2 Compliance, 4.4",P1,,,NOT SENT,,
REQ-23,Sector Dept - ICT,Sector,Complaints register plus subscriber base for normalisation,5.1,P1,,,NOT SENT,,
REQ-24,Sector Dept - ICT,Sector,Owned-fibre data table by network segment and operator,"3.2 (CHK-19, CHK-30)",P1,,,NOT SENT,,
REQ-25,Sector Dept - ICT,Sector,Restated series on a June 2025 to June 2026 basis,3.2 (CHK-07),P1,,,NOT SENT,,
REQ-26,Sector Dept - ICT,Sector,Tower count reconciliation; type approval March/April check,"3.2, 9.1 (CHK-06, CHK-15)",P1,,,NOT SENT,,
REQ-27,Sector Dept - ICT,Sector,UAF site-level data: 109 sites with location and commissioning status,4.5,P1,,,NOT SENT,,
REQ-28,Sector Dept - ICT,Sector,FY2026/27 priorities and sector challenges,"7.2, 8.2",P1,,,NOT SENT,,
REQ-29,Sector Dept - ICT,Sector,"Data bundle prices by operator (per GB, 1GB and 2GB baskets)",3.2 Tariffs,P2,,,NOT SENT,,
REQ-30,Sector Dept - Energy,Sector,"The entire compliance section: inspections by facility type, fuel quality results, directives, penalties, revocations","3.3 Compliance, 3.1, 4.4",P1,,,NOT SENT,,
REQ-31,Sector Dept - Energy,Sector,Generation by source; sales by customer class; household access rate vs target; SAIDI and SAIFI,3.3 Market Performance,P1,,,NOT SENT,,
REQ-32,Sector Dept - Energy,Sector,Five-year history for all ten energy indicators (FY2021/22-FY2025/26),"9.2, all energy trends",P1,,,NOT SENT,,
REQ-33,Sector Dept - Energy,Sector,"Petroleum import volumes by product, FY2022/23-FY2025/26",3.3 (CHK-30),P1,,,NOT SENT,,
REQ-34,Sector Dept - Energy,Sector,"Causes of the additional outages, and RURA's response, standards and FY2026/27 reliability target",3.3 Regulatory Insight callout,P1,,,NOT SENT,,
REQ-35,Sector Dept - Energy,Sector,Liquid fuel storage target trajectory; licensing decisions that enabled the new LPG storage,3.3 callouts,P1,,,NOT SENT,,
REQ-36,Sector Dept - Energy,Sector,Source confirmation for the energy statistical annex table,9.2 (CHK-29),P1,,,NOT SENT,,
REQ-37,Sector Dept - Water,Sector,"Non-revenue water by operator and service area, both years","3.4, 3.1 quality row",P1,,,NOT SENT,,
REQ-38,Sector Dept - Water,Sector,Drinking-water quality compliance: samples tested and compliant by operator and parameter,3.4 Compliance,P1,,,NOT SENT,,
REQ-39,Sector Dept - Water,Sector,Access to safe water (%) against the national target,3.4,P1,,,NOT SENT,,
REQ-40,Sector Dept - Water,Sector,Licence count reconciliation (59 vs 63) and the valid vs new licence question,3.4 (CHK-14),P1,,,NOT SENT,,
REQ-41,Sector Dept - Water,Sector,"Operator inspections, directives and penalties (distinct from the 22 project inspections)",3.4 Compliance,P1,,,NOT SENT,,
REQ-42,Sector Dept - Water,Sector,Complaints register; FY2026/27 priorities; sector challenges,"5.1, 7.2, 8.2",P1,,,NOT SENT,,
REQ-43,Sector Dept - Water,Sector,Average hours of supply by service area; rural coverage by licensed operator,3.4,P2,,,NOT SENT,,
REQ-44,Sector Dept - Transport,Sector,"Authorisation and support for a standing AFC / e-ticketing data feed, FY2024/25-FY2025/26","3.5 Market Performance, 4.6",P1,,,NOT SENT,,
REQ-45,Sector Dept - Transport,Sector,"Complaint figure reconciliation (1,770 vs 6,716) and the definition of 'handled'","3.5, 5.1 (CHK-01)",P1,,,NOT SENT,,
REQ-46,Sector Dept - Transport,Sector,"Enforcement measures by type, and the FY2024/25 offence count",3.5 Compliance,P1,,,NOT SENT,,
REQ-47,Sector Dept - Transport,Sector,Safety data on licensed operators; motorcycle accident data (with RNP),3.5 Emerging Risk callout,P1,,,NOT SENT,,
REQ-48,Sector Dept - Transport,Sector,Pre-reform baseline for the Gross Contract Model case study; planned corridor extensions,4.6,P1,,,NOT SENT,,
REQ-49,Sector Dept - Transport,Sector,"Five-year history: licences by category, fleet by category, offences, Kigali ridership",9.2,P1,,,NOT SENT,,
REQ-50,Sector Dept - Transport,Sector,Charging and battery-swap infrastructure by location and operator,3.5 green mobility,P1,,,NOT SENT,,
REQ-51,Sector Dept - Transport,Sector,Fleet register by operator with vehicle-days in service,3.5 operator benchmarking,P2,,,NOT SENT,,
REQ-52,Sector Dept - Nuclear,Sector,"Definitions and formulas for compliance rate 23%, sector growth 110%, performance rate 49.7%","3.6 (CHK-03, CHK-04, CHK-28)",P1,,,NOT SENT,,
REQ-53,Sector Dept - Nuclear,Sector,Inspection count reconciliation (46 vs 99 medical),3.6 (CHK-02),P1,,,NOT SENT,,
REQ-54,Sector Dept - Nuclear,Sector,Inspection outcomes: ratings and findings per inspection; corrective actions and closure status,3.6 Compliance,P1,,,NOT SENT,,
REQ-55,Sector Dept - Nuclear,Sector,"Occupational dose by worker category and exceedance count, both years",3.6 Market Performance,P1,,,NOT SENT,,
REQ-56,Sector Dept - Nuclear,Sector,Incident register; lost or orphan sources,3.6 Market Performance,P1,,,NOT SENT,,
REQ-57,Sector Dept - Nuclear,Sector,Licensed facilities per province (denominator for inspection coverage),3.6 coverage map,P1,,,NOT SENT,,
REQ-58,Sector Dept - Nuclear,Sector,Facility and licence count reconciliation (20 vs 21 vs 37),3.6 (CHK-27),P1,,,NOT SENT,,
REQ-59,Sector Dept - Nuclear,Sector,"Services enabled during the year (cyclotron, PET/CT, radiotherapy, nuclear medicine) with dates",3.6 Licensing,P1,,,NOT SENT,,
REQ-60,Sector Dept - Nuclear,Sector,"FY2024/25 comparators and five-year history for applications, licences, inspections, revenue","3.6 At a glance, 9.2",P1,,,NOT SENT,,
REQ-61,External - AFC/e-ticketing operator,External,"Tap-in transaction records with timestamp, route, stop, operator, vehicle, fare product, amount","3.5, 4.6",P1,,,NOT SENT,,
REQ-62,External - REG/EUCL/EDCL,External,Generation by source; sales by customer class; SAIDI/SAIFI; access rate,3.3,P1,,,NOT SENT,,
REQ-63,External - WASAC and water operators,External,NRW; water quality test results; hours of supply,3.4,P1,,,NOT SENT,,
REQ-64,External - Rwanda Standards Board,External,Fuel quality test results from the new laboratory,3.3 Compliance,P1,,,NOT SENT,,
REQ-65,External - Rwanda National Police,External,Accidents involving licensed public transport and motorcycle operators,3.5,P1,,,NOT SENT,,
REQ-66,External - NISR,External,Population for penetration and coverage denominators; CPI and average monthly income,"3.2, 3.3, 3.4, 4.5",P1,,,NOT SENT,,
REQ-67,External - Office of the Auditor General,External,Audit opinion for five years; FY2025/26 audit report,"6.4, 9.3",P1,,,NOT SENT,,
REQ-68,External - Mobile operators / ISPs,External,QoS measurement results; data bundle prices; owned-fibre length by segment,3.2,P1,,,NOT SENT,,
REQ-69,External - Petroleum importers,External,"Import volumes by product, four years",3.3,P1,,,NOT SENT,,
REQ-70,Owner of the Visual Design Standard,External,RURA Visual Design Standard - cited by the baseline but not found in Drive,All visuals,P1,,,RECEIVED,2026-10-01,"Supplied as RURA_Annual_Report_Visual_Design_Standard_1.docx, v1.0 DRAFT FOR REVIEW. Reviewed in 80-design/; six changes and two additions proposed for v1.1."
REQ-71,Owner of the M&E Framework,External,M&E Framework (Excel) - cited by the baseline but not found in Drive,"Ch 2, 9.4, all KPI targets",P1,,,NOT SENT,,
