CHECK ID,Severity,Report Section,The Discrepancy,Figures in Conflict,What Must Be Confirmed,Responsible Owner,Status,Resolution,Date Resolved
CHK-01,MATERIAL,3.5 Transport Profile / 5.1 / Executive Summary,"Transport complaint volume and handling rate conflict between two sections, both published","1,770 received / 90% handled  vs  6,716 received / 95% handled","Which figure is correct, and the definition of 'handled' as distinct from 'resolved'",Sector Dept - Transport,OPEN,,
CHK-02,MATERIAL,3.6 Nuclear Compliance / Conclusion,Nuclear inspection counts conflict; the lower figure appears to be one province only,46 medical + 27 non-medical  vs  99 medical + 27 non-medical (126 total),"That 46 is the Eastern Province total, not the national total. As drafted the report understates its own inspection work by more than half",Sector Dept - Nuclear,OPEN,,
CHK-03,MATERIAL,3.6 Nuclear Market Performance,Reported compliance rate contradicts the narrative in the same section,'Compliance rate 23%'  vs  'maintained a high level of regulatory compliance',"The formula behind the 23%, then which statement stands. 23% is a serious finding if correct",Sector Dept - Nuclear,OPEN,,
CHK-04,MATERIAL,3.6 Nuclear Market Performance,Licensing revenue performance rate does not match its own inputs,Reported 49.7%  vs  RWF 26.75m / RWF 79.9m = 33.5%,"The basis of the 49.7% figure, or correct it to 33.5%",Sector Dept - Nuclear,OPEN,,
CHK-05,MATERIAL,3.2 ICT / Executive Summary / headline tiles,Total internet subscriptions are labelled as mobile-only,"11,193,584 described as 'mobile internet'; mobile alone is 11,109,432; 11,193,584 = mobile + fixed broadband (84,152)","Relabel as total internet subscriptions throughout, including the headline tile",Sector Dept - ICT,OPEN,,
CHK-06,MATERIAL,3.2 ICT Licensing / Executive Summary / Annex 9.2,Tower construction count conflicts across three places,11 constructed (ICT Licensing; annex lists 11 permits)  vs  13 (towers table and Executive Summary),"The correct count, and whether 'constructed' and 'permitted' are being conflated",Sector Dept - ICT,OPEN,,
CHK-07,HIGH,3.2 ICT Market Performance (multiple series),Reference periods mix March 2026 and June 2026 within the same chapter,"Mobile money, fixed broadband and market share series dated March; others June",Restate all series on a June 2025 to June 2026 basis. Mixed periods make every YoY change in the chapter non-comparable,Sector Dept - ICT + Data Analytics Team,OPEN,,
CHK-08,HIGH,3.2 ICT Market Performance,National fixed voice traffic: narrative and table disagree by a factor of four,"Text 0.64 million minutes  vs  table total 2,765,331 minutes",Which is correct,Sector Dept - ICT,OPEN,,
CHK-09,HIGH,3.2 ICT Market Performance,International fixed voice traffic: narrative and table disagree,"Text 13,427 outgoing / 6,350 incoming  vs  table 48,072 / 41,285",Which is correct,Sector Dept - ICT,OPEN,,
CHK-10,MEDIUM,3.2 ICT Market Performance,Pay TV growth quoted as two different rates in the same section,"15.6% and 56.22%; 123,736 to 193,312 is +56.2%",Use +56.2% and remove the 15.6%,Sector Dept - ICT,OPEN,,
CHK-11,MEDIUM,3.2 ICT Market Performance / At a glance,Fixed broadband decline miscalculated,"Text -2.21%  vs  86,173 to 84,152 = -2.35% (-2,021)",Correct to -2.35%,Data Analytics Team,OPEN,,
CHK-12,MEDIUM,Executive Summary / 3.3 Energy,Electricity customer growth rate inconsistent,"Executive Summary +14%  vs  1,768,830 to 2,008,342 = +13.5%",Correct to +13.5%,Data Analytics Team,OPEN,,
CHK-13,MEDIUM,Executive Summary / 3.3 Energy,LPG import growth rate inconsistent,Executive Summary +26.1%  vs  43.2 to 54.5 million kg = +26.2%,Correct to +26.2%,Data Analytics Team,OPEN,,
CHK-14,HIGH,3.4 Water Licensing / At a glance / 3.1,"New water licence count conflicts, and the table title does not match its contents",Text 59 new licences  vs  table total 63 for 2025/26; the 297 valid licences do not appear in the table at all,"The correct count of new licences, and whether the table shows new or valid licences",Sector Dept - Water,OPEN,,
CHK-15,MEDIUM,Annex 9.1 - Monthly type approvals,"Two consecutive months show identical values, suggesting a copy error",March and April 2026 both show 228 approved / 39 rejected,That this is not a copy error,Sector Dept - ICT,OPEN,,
CHK-16,LOW,3.5 Transport Market Performance,Duplicated paragraph,The first paragraph of 'Gross Contract Model implementation progress' appears twice,Delete the repetition,Editor,OPEN,,
CHK-17,LOW,3.4 Water Market Performance,Duplicated figure caption,"Figure 3.20 'Water Subscriptions and Production, Index 2020/21 = 100' appears twice",Keep one,Editor,OPEN,,
CHK-18,LOW,6.3 Stakeholder engagement,Duplicated content,"MOUs with GNRA, PNRA and NISS described twice (Nuclear 'International Cooperation' and 'Key Achievements')",Merge into one list,Editor,OPEN,,
CHK-19,MEDIUM,3.2 ICT Market Performance - fibre,Fibre table ambiguity and a probable typo,"'Fiber rolled out FY 2025-2026' appears to be total footprint rather than the year's build; 'BCS' should probably read BSC; the owned-fibre chart has no caption, source or data table",Whether the figure is the year's build or the cumulative footprint; the correct operator name; the underlying data,Sector Dept - ICT,OPEN,,
CHK-20,MEDIUM,3.2 ICT Legal and Regulatory / 8.2 Outlook,Two items fall after the 30 June 2026 reporting period end,Termination rates effective 1 August 2026; IAEA GC70 on 14-18 September 2026,"Report both as decisions taken or outlook, never as results of the year",Sector Depts - ICT and Nuclear,OPEN,,
CHK-21,MATERIAL,1.1 About RURA / Chapter 2,"Vision, mission and values differ from the Strategic Plan the report measures itself against","Draft wording  vs  Strategic Plan 2022-2027 (vision: 'To be globally recognized as an effective regulator of public utilities'; values include Collaboration and Data-Driven, not Professionalism)","Whether a formal revision exists. If not, use the Plan wording. Chapter 2 reports against that Plan, so the two cannot diverge",Corporate - Strategy/Planning,OPEN,,
CHK-22,MATERIAL,Throughout - photographs,Photograph rights and licences are not stated,Sector banner images appear to originate from media websites,"Ownership and licence for every photograph, or replacement with RURA-owned photography. At minimum 5 sector banners and 3 consumer awareness photographs",Corporate - Communication,OPEN,,
CHK-23,MEDIUM,Throughout - cross-references,Broken cross-references,Nine references resolve to 'Error! Reference source not found.',"Renumber captions, then re-insert and update all fields. Do this last, after all content changes",Editor,OPEN,,
CHK-24,LOW,6.2 HR tables / throughout,Inconsistent decimal separators and rounding,"Staff tables mix '71,5%' and decimal points; water production appears as both '92 million' and 92.79 million m3; capacity as both 466.402 MW and 466.4 MW","One numeric style throughout, with rounding rules per indicator recorded in the indicator dictionary",Editor + Data Analytics Team,OPEN,,
CHK-25,LOW,3.4 Water Market Performance,Unnamed entity and a district misspelling,The subscriptions paragraph refers to 'the Company' without naming it; 'Gakenge' should read Gakenke,Name the operator; correct the district name,Sector Dept - Water,OPEN,,
CHK-26,MEDIUM,4.3 Tariff and pricing decisions,A superseded tariff table is reproduced in the section meant to carry the year's decisions,The water tariff table in force since 1 February 2019 appears in both 3.4 and 4.3,Remove from 4.3 and replace with the year's approved combined water and sanitation tariff,Sector Dept - Water + Editor,OPEN,,
CHK-27,MEDIUM,3.6 Nuclear Sector Profile / Licensing,Three facility and licence counts appear to measure different things,'Over 20 regulated activities licensed'  vs  '21 licensed facilities'  vs  '37 licences completed',"A definition for each, then reconciliation",Sector Dept - Nuclear,OPEN,,
CHK-28,MEDIUM,3.6 Nuclear Market Performance,Two reported rates are undefined,'Sector growth 110%' and 'performance rate 49.7%',The formula and basis for each. Record both in the indicator dictionary,Sector Dept - Nuclear,OPEN,,
CHK-29,HIGH,Annex 9.2 - Statistical tables,The energy series carries no confirmed source,Table marked 'SOURCE TO CONFIRM',The source system and data owner for every energy indicator,Sector Dept - Energy,OPEN,,
CHK-30,HIGH,3.2 / 3.3 - image-only charts,Three charts exist only as images with no underlying data,"The owned-fibre chart, Figure 3.12, Figure 3.17 (petroleum imports)","The underlying data tables, so the charts can be redrawn, checked and corrected",Sector Depts - ICT and Energy,OPEN,,
CHK-31,MATERIAL,Pre-publication - all sections,"Working annotations must be removed before publication, but only once resolved","MISSING, PARTIAL, CHECK, [DATA REQUIRED], SOURCE TO CONFIRM, dagger footnotes, Editor's Note",That every annotation is resolved rather than merely deleted. An annotation removed without being resolved is worse than one left visible,Editor + Data Analytics Team,OPEN,,
CHK-32,MEDIUM,3.5 Transport - Gross Contract Model results,Bus availability improvement is measured from a December 2025 baseline while the rest of the chapter compares financial years,"324 of 338 buses operational at June 2026, up from 301 of 310 at December 2025","Whether a June 2025 (or FY2024/25) baseline exists, so the comparison matches the reporting period used elsewhere. As stated, the improvement covers six months, not the financial year",Sector Dept - Transport,OPEN,,
