Part/Chapter,Section,Current Status,Existing Content (usable),Missing Content / Data,Required KPI / Analysis,Proposed Visual,Data Required (specific variables),Likely Data Source,Responsible Owner,Action Required,Priority,Notes / Verification Required
Front matter,"Cover, contents, acronyms",AVAILABLE,"Cover, TOC, List of Figures, List of Tables, List of Acronyms all present",Nothing substantive,n/a,n/a,n/a,Editor,Editor / Communication,"Renumber captions, then update all Word fields (Ctrl+A, F9); re-insert the 9 broken cross-references",P1,CHECK: nine cross-references resolve to 'Error! Reference source not found.' Remove the Editor's Note and all working annotations before publication.
Front matter,Foreword by the Chairperson,MISSING,Page layout and pull-quote placeholder only,"Full text (~600-700 words), Chairperson name, portrait photograph, signature, pull quote (<=25 words)",None (narrative),Chairperson portrait (RURA-owned),n/a,Board Secretariat,Corporate - Board Secretariat,Commission the Foreword from the Chairperson; obtain RURA-owned portrait and signature block,P1,"Must NOT repeat the Executive Summary; should carry the Board's view of the year, strategic direction and governance assurance."
Front matter,FY2025/26 in Numbers (16 headline tiles),PARTIAL,"14 of 16 tiles populated from the draft with FY2025/26 value, prior-year value and direction of change","Tile 15 (Strategic Plan KPIs on track, Year 4) and tile 16 (budget execution / audit opinion) are empty; tile 14 (radiation facilities inspected, 126) has no FY2024/25 comparator",x of y Year-4 KPIs on track; budget execution rate (%); external audit opinion; FY2024/25 radiation inspection count,"KPI card grid (16 tiles, current value + absolute change + % change + direction)",M&E Framework Year-4 KPI status counts; FY2025/26 approved budget and actual expenditure; Auditor General opinion; FY2024/25 radiation inspections (medical / non-medical split),M&E Framework (Excel); Finance; Office of the Auditor General; Nuclear department records,Corporate - Strategy/Planning + Finance + Sector Dept (Nuclear); DAT to compute,Obtain the three missing values; DAT computes and formats all 16 deltas on one consistent basis,P1,CHECK: tiles 3 (4G share) and 11 (UAF sites) are placeholders to be replaced once QoS compliance and an affordability indicator exist. Tile 11 (109 UAF sites) has no comparator and no % change - decide whether it stays a headline tile.
Front matter,Executive Summary,PARTIAL,Complete sector-by-sector narrative summary plus a 5-tile headline strip; 'Looking ahead' paragraph,(1) Strategic Plan scorecard line (x of y KPIs on track); (2) a 'where we fell short' passage; (3) 3-5 named FY2026/27 priorities with measurable targets,"Year-4 KPI achievement rate; shortfall indicators already in the draft: grid losses 16.31%->16.77%, outages 1,675->1,917 and outage hours 1,342.97->1,838.3, liquid fuel storage 118.1 of 337 million litres, fixed broadband 86,173->84,152",None new - reuse the 5-tile strip; consider a small 'improved / worsened' summary band,M&E Framework Year-4 status; FY2026/27 targets with dates,M&E Framework; sector departments; Strategy/Planning,Corporate - Strategy/Planning; sector departments; Editor,Draft the shortfall passage and priorities-with-targets passage; correct the internet subscription description,P1,"CHECK: Exec Summary says internet rose 9.8% to 11,193,584 described as 'mobile internet' - the figure is mobile + fixed. Also says electricity customers +14% (calculated +13.5%) and LPG imports +26.1% (calculated +26.2%). Says 'thirteen new towers' while ICT Licensing says 11."
1. About RURA,1.1 Overview of RURA,AVAILABLE,"Overview, vision, mission, values, sector strip",Nothing essential,Optional: number of licensees per sector,Optional: sector strip annotated with licensee counts,Licensee counts per sector as at 30 June 2026,CLMS / sector licence registers,Data Analytics Team (extract from CLMS),Confirm vision/mission/values wording against the Strategic Plan before publication,P1,"CHECK (material): vision, mission and values differ from Strategic Plan 2022-2027 (Plan vision: 'To be globally recognized as an effective regulator of public utilities'; Plan values include Collaboration and Data-Driven, not Professionalism). Confirm a formal revision exists; if not, use the Plan wording."
1. About RURA,1.2 Mandate,AVAILABLE,"Mandate and regulated sectors, referenced to Law N 09/2013",Nothing,n/a,n/a,n/a,n/a,Legal,Legal to confirm the citation and that no subsequent amendment applies,P2,Low risk.
2. Strategic Plan progress (Year 4),2.1 Scorecard by strategic goal (9 goals),PARTIAL,All 9 goals listed with initiative mapping and evidence pre-filled from the draft,"Year-4 KPI, Year-4 target and actual result for all 9 goals; status rating (all currently '- Not assessed')","Per goal: KPI name, baseline, Year-4 target, Year-4 actual, achievement %, status per the legend rule (Achieved / On track >=90% / Attention 75-89% / Not achieved <75%)",Scorecard table with status chips; stacked bar of goals by status; optional bullet chart target vs actual per goal,"M&E Framework (Excel): KPI definitions, baselines, Year-1 to Year-4 targets and actuals for each of the 9 goals",M&E Framework maintained by Strategy/Planning,Corporate - Strategy/Planning (supply); Data Analytics Team (compute achievement % and status),Release the M&E Framework to the Data Analytics Team; DAT computes achievement and applies the status rule,P1,CHECK: the 90/75% thresholds in the status legend are an editorial proposal and must be formally confirmed by Planning. Without the M&E Framework the whole chapter stays unrated.
2. Strategic Plan progress (Year 4),2.2 Status of the 17 strategic initiatives,PARTIAL,"All 17 initiatives listed with Year-4 evidence from the draft; initiatives 9, 10, 16 explicitly show no evidence reported",A status rating for each initiative and a one-line reason for every initiative not on track,Initiative status distribution; count of initiatives with no evidence reported,Status table with chips; horizontal stacked bar - 17 initiatives by status,Initiative-level Year-4 milestones and completion status from the M&E Framework / initiative owners,M&E Framework; initiative owners,Corporate - Strategy/Planning + initiative owners,Rate all 17; supply a reason line for each not on track,P1,"Initiatives 9 (operations quality management), 10 (strategic impact assessment) and 16 (performance management framework) were expected to report from Year 3 and show nothing - these are the substantive findings of the chapter and should be stated, not left blank."
2. Strategic Plan progress (Year 4),2.3 Annual Action Plan FY2025/26,MISSING,Nothing - heading only,"Number of planned activities, number and % achieved, and the main activities not achieved with reasons",Activities planned / achieved / partly achieved / not achieved; achievement rate (%); 3-year trend in achievement rate if available,Donut or stacked bar of activity status; 3-year trend line of achievement rate,"Annual Action Plan FY2025/26 with end-year performance status per activity, by department",Annual Action Plan monitoring report (Strategy/Planning),Corporate - Strategy/Planning,Supply the end-year Action Plan monitoring report; DAT aggregates,P1,A RURA Consolidated Action Plan exists as an internal workbook - confirm the FY2025/26 version and its end-year status column.
2. Strategic Plan progress (Year 4),2.4 Commitments from last year's report,MISSING,Nothing - heading only,Table of the priorities announced in the FY2024/25 Annual Report and what happened to each,"Per commitment: achieved / partly achieved / not achieved, with evidence and reason",Commitment tracker table with status chips; summary count bar,The published FY2024/25 Annual Report priorities/outlook section; FY2025/26 evidence per commitment,FY2024/25 Annual Report; sector departments,Corporate - Strategy/Planning (coordinate); sector departments (evidence),Extract the FY2024/25 commitments and ask each department to report the outcome,P1,"This is the single strongest accountability section available at low data cost - it needs no new datasets, only the previous report and departmental confirmation."
3. State of Regulated Sectors,3.1 Cross-sector overview,PARTIAL,"Comparison table across the five template headings for all five sectors, with prior-year figures in brackets","Price row empty for Energy, Water and Transport; quality/reliability row empty for ICT, Water and Nuclear; compliance row empty for Energy; no interpretation paragraph under the table","Comparable cross-sector KPI set: access/use growth %, price change %, a quality indicator and a compliance rate per sector",Cross-sector KPI card row (5 sectors x 4 dimensions); slope/dumbbell chart of FY2024/25 vs FY2025/26 for one comparable indicator per sector,Approved electricity tariff by customer class; approved combined water & sanitation tariff; approved intercity fares; ICT QoS compliance rate; water NRW and drinking-water quality compliance; nuclear dose and incident data; energy inspection and compliance counts,Regulatory Board decisions; sector departments; operator returns,Sector departments (supply); Data Analytics Team (assemble and compute),Fill the empty cells and write a short interpretation paragraph under the table,P1,CHECK: water licensing cell carries the unresolved 59 vs 63 discrepancy. Keep the bracket convention consistent (FY2024/25 vs June 2025) and state it in the note.
3. State of Regulated Sectors,3.2 ICT - At a glance (6 KPI cards),PARTIAL,"6 cards populated with value, prior-year value and % change (mobile subscriptions, penetration, internet subscriptions, 4G, fixed broadband, international bandwidth used)",A target for each card; QoS compliance card once measured,Target vs actual per headline ICT KPI,KPI cards with target markers,Year-4 targets for ICT headline indicators,M&E Framework,Corporate - Strategy/Planning; DAT,Add target line to each card,P2,"CHECK: the internet card is labelled 'mobile' in the draft but the figure is mobile + fixed; fixed broadband change is -2.35%, draft says -2.21%."
3. State of Regulated Sectors,3.2 ICT - Sector Profile,AVAILABLE,Narrative on the sector's role and RURA's regulatory portfolio,Nothing essential,Optional: licensee counts by licence category,Optional: licensee composition bar,Licensee counts by category from CLMS,CLMS,Data Analytics Team,Optional enrichment,P3,
3. State of Regulated Sectors,3.2 ICT - Legal and Regulatory Framework,PARTIAL,"Infrastructure-sharing regulations; symmetric termination rates decision (Table X); the three strategic projects (MNP, CNMS, NOC/SOC)",A consolidated list of the instruments issued during the year with status and date,Instruments by status (drafted / consulted / approved / gazetted),Instrument register table; timeline strip,"Title, type, sector, status and date of every ICT instrument issued in FY2025/26",Legal division register; Board decisions,Sector Dept (ICT) + Legal,Supply the instrument list for consolidation into 4.1 and the Annex register,P1,"CHECK: termination rates are effective 1 August 2026, i.e. after the reporting period - report as a decision taken, not as a result of the year. Table X is unnumbered."
3. State of Regulated Sectors,3.2 ICT - Licensing,AVAILABLE,"7 general authorisations; 2,814 type approvals; tower construction permits; detailed annex tables by licence category",Average licence processing time against the service charter,Licences issued and renewed by category; processing time vs service charter standard; approval and rejection rates,Licensing volume bar by category; monthly type-approval trend with rejection rate line (exists as Figure 9.1),"Application receipt date, decision date and outcome per application (CLMS extract)",CLMS,Data Analytics Team (compute from CLMS); Sector Dept (ICT) to validate,Extract processing times from CLMS,P2,"CHECK: towers - Licensing says 11 constructed, the towers table and Exec Summary say 13, the annex lists 11 permits. CHECK: annex type-approval table shows identical March and April 2026 values (228 approved, 39 rejected)."
3. State of Regulated Sectors,3.2 ICT - Market Performance,AVAILABLE (rich),"The strongest data section in the report: mobile subscriptions and penetration with 6-year series, market share, mobile money SIMs and agents, fixed telephone subscriptions and voice traffic, fixed broadband by speed and technology, mobile internet by technology, total internet subscriptions 6-year series, international bandwidth equipped and used, pay TV, postal and courier, towers and fibre; voice, bundle and SMS tariff tables",Affordability indicators; price of a standard mobile data bundle; 5-year tariff trends; underlying data for the owned-fibre chart,Mobile and internet penetration 5-year trends; 4G share of mobile internet; ARPU or price per GB; affordability as % of monthly income (e.g. 1GB and 2GB baskets vs GNI per capita or average monthly income); HHI or market-share concentration trend; international bandwidth utilisation rate (used/equipped),"5-year trend lines (penetration, internet subscriptions, bandwidth); stacked area of mobile internet by technology (2G/3G/4G/5G); operator market-share trend; bandwidth equipped vs used with utilisation % line; data-price affordability chart vs regional benchmark","Standard data bundle prices (per GB, 1GB and 2GB baskets) by operator, June 2025 and June 2026; average monthly income or GNI per capita (NISR); 5-year tariff series; owned-fibre length by network segment and operator",Operator tariff filings; NISR; ICT department records; operator returns,"Sector Dept (ICT) and operators (tariffs, fibre); NISR (income); Data Analytics Team (compute penetration, shares, affordability, utilisation)",Supply bundle prices and fibre data; DAT builds affordability and utilisation indicators,"P1 (fibre data, bundle prices); P2 (affordability index); P3 (5-year tariff series)","CHECK: reference periods mix March 2026 and June 2026 for mobile money, fixed broadband and market shares - standardise on June 2025 -> June 2026. CHECK: fixed voice national traffic - text says 0.64 million minutes, table totals 2,765,331. CHECK: international fixed voice - text says 13,427 outgoing / 6,350 incoming, table totals 48,072 / 41,285. CHECK: pay TV growth quoted as both 15.6% and 56.22% (correct is +56.2%). CHECK: fibre table 'Fiber rolled out FY 2025-2026' appears to be total footprint not the year's build; 'BCS' should read BSC; the owned-fibre chart has no caption, source or data table."
3. State of Regulated Sectors,3.2 ICT - Compliance Monitoring and Enforcement,PARTIAL / MISSING (results),"A list of the compliance and enforcement tools used, and inspection/monitoring/awareness activity described qualitatively","All quantitative results: inspections carried out, compliance rate, directives issued and implemented, number and value of sanctions; QoS results against licensed standards by operator with the prior year","Inspections conducted; compliance rate (%); directives issued vs implemented; sanctions (count and RWF value); QoS compliance by operator against each licensed standard (call drop rate, call setup success rate, data throughput) for FY2024/25 and FY2025/26","Operator QoS benchmarking chart (operator x standard, with the licensed threshold as a reference line); compliance funnel (inspected -> non-compliant -> directive -> remedied); sanctions bar (count and value)","Per-operator QoS measurement results against each licensed KPI threshold, both years; inspection register; directive register with implementation status; sanction register with amounts",ICT QoS measurement campaigns / CNMS; ICT enforcement records,Sector Dept (ICT),Supply QoS measurement results and the enforcement counts,P1,The draft only states 'moderate overall improvement' in QoS. This is the single largest analytical gap in the ICT chapter and the reason the cross-sector quality row is empty.
3. State of Regulated Sectors,3.2 ICT - Tariffs,PARTIAL,"Voice, bundle voice and SMS tariff tables for June 2025 and June 2026",Price of a standard mobile data bundle; affordability as % of monthly income; 5-year tariff trends,Price per GB; 1GB and 2GB basket as % of average monthly income; real (inflation-adjusted) tariff trend,Tariff trend line (nominal and real); affordability bar vs EAC peers,Data bundle price list by operator for June 2021-June 2026; CPI series; average monthly income / GNI per capita,"Operator tariff filings; NISR (CPI, income)",Sector Dept (ICT) + operators; DAT to compute,Request bundle price series from operators,P2,
3. State of Regulated Sectors,3.3 Energy - At a glance,PARTIAL,"Cards for electricity customers, installed capacity and peak demand with prior-year values","Cards for access rate, reliability (SAIDI/SAIFI) and a compliance indicator",Household electricity access rate vs national target; SAIDI; SAIFI; compliance rate,KPI cards with target markers,Household access rate (on-grid / off-grid) and the NST2 target; SAIDI and SAIFI for both years,EDCL/REG and utility returns; Energy department,Sector Dept (Energy); External - utility (REG/EUCL),Request access and reliability indicators,P1,
3. State of Regulated Sectors,3.3 Energy - Sector Profile,AVAILABLE,"Electricity figures (installed capacity 466.402 -> 472.951 MW, generation 1,568,364.899 -> 1,774,698.239 MWh, peak demand 262.42 -> 296.85 MW, customers 1,768,830 -> 2,008,342, grid losses 16.31% -> 16.77%, outages 1,675 -> 1,917, outage duration 1,342.97 -> 1,838.3 hours) and access narrative",Generation mix; consumption per customer; access rate against target,"Generation by source (hydro, solar, thermal, methane, imports) in MW and MWh; consumption per customer (kWh); access rate",Generation mix stacked bar or donut; 5-year capacity vs peak demand line with reserve margin,"Installed capacity and generation by source and by plant, FY2021/22-FY2025/26; electricity sales (MWh) by customer class",REG/EUCL/EDCL returns; Energy department,Sector Dept (Energy); External - utility,Request generation mix and sales by customer class; extend all energy series to five years,P1,CHECK: the profile's closing challenges-and-priorities paragraph has been moved to chapters 7 and 8 - confirm it is not duplicated. Energy series in the statistical annex exist only for FY2024/25 and FY2025/26 (LPG imports run from FY2022/23).
3. State of Regulated Sectors,3.3 Energy - Legal and Regulatory Framework / Tariffs,PARTIAL,Petrol service station regulations and EV charging / battery-swapping regulations approved; reference to a revised electricity tariff approved by the Board,"The revised end-user electricity tariff itself: levels by customer class, the change and the effective date",Tariff by customer class before and after; % change; effect on a representative household bill; lifeline block treatment,"Tariff comparison bar (before vs after, by customer class); representative bill impact chart","Approved electricity tariff schedule by customer class with effective date, and the preceding schedule",Regulatory Board decision; Energy department,Sector Dept (Energy) + Board Secretariat,Supply the approved tariff schedule and effective date,P1,The Board approved the tariff but the draft never states it. A regulatory annual report that omits the year's principal price decision has a material gap.
3. State of Regulated Sectors,3.3 Energy - Licensing,AVAILABLE,"2 generation licences, 86 installation permits, downstream petroleum and gas licences and authorisations by type (Table 3.22), electricity licences/certificates/permits (Table 3.23); mini-grid licence revocations after grid extension",Processing time against the service charter,Licences by type and year; processing time,Licensing volume bar by type; YoY comparison,Application and decision dates per application,CLMS / Energy licensing records,Data Analytics Team; Sector Dept (Energy),Extract processing times,P2,
3. State of Regulated Sectors,3.3 Energy - Market Performance,PARTIAL,"LPG storage capacity by province (847.5 MT, +43.8%), LPG imports 2022/23-2025/26 (33.5 -> 54.5 million kg), petroleum import trends by category, liquid fuel storage 118.1 million litres (111.2 operational) against the 337 million litre target, Rusororo petroleum zone, RSB fuel quality laboratory (RWF 948 million)",A dedicated electricity market section (currently electricity sits only in the Sector Profile); generation mix; household access vs target; consumption per customer; tariffs; SAIDI/SAIFI; underlying data for the petroleum import chart (Figure 3.17 is an image only),"Electricity: access rate vs target, consumption per customer, SAIDI, SAIFI, reserve margin, losses trend. Petroleum: storage vs target (%), import volumes by product, days of cover",5-year line: capacity vs peak demand vs generation; grid losses trend with regulatory target line; outages and outage hours dual-axis trend; storage vs 337 Ml target progress bar; petroleum imports by product stacked bar; LPG storage by province map,Petroleum import volumes by product FY2022/23-FY2025/26 (to replace the image); electricity sales by customer class; SAIDI/SAIFI; access rate; days of fuel cover; strategic storage target trajectory,Energy department; REG/EUCL; petroleum importers' returns,Sector Dept (Energy); External - operators/utility; DAT to redraw charts,Create the electricity market section; supply the petroleum import data table so Figure 3.17 can be redrawn,P1,CHECK: Figure 3.12/3.17 are images without underlying data. CHECK: LPG imports +26.2% (Exec Summary says 26.1%); electricity customers +13.5% (Exec Summary says 14%).
3. State of Regulated Sectors,3.3 Energy - Compliance Monitoring and Enforcement,MISSING,Nothing in the draft. Two related items sit elsewhere: mini-grid licence revocations (Licensing) and the RSB fuel quality laboratory (Market Performance),"The whole section: inspections of petrol stations, LPG facilities and electrical installations; fuel quality test results; directives, penalties and licence revocations; compliance rate",Inspections by facility type; compliance rate (%); fuel samples tested vs samples failing; directives issued vs implemented; penalties (count and RWF); revocations,Inspection and compliance funnel by facility type; fuel-quality pass rate trend; enforcement actions bar; geographic map of inspected facilities,"Inspection register by facility type and district; fuel sample test results (samples taken, passed, failed, by product); directive register; penalty register with values; revocation list",Energy department inspection records; RSB laboratory results,Sector Dept (Energy); External - RSB (fuel quality results),Build the section from the inspection and fuel-testing registers,P1,"Energy is the only sector with no compliance content at all. Given the sector's safety profile (LPG, petroleum storage, electrical installations) this is the most serious sectoral omission in the report."
3. State of Regulated Sectors,3.4 Water and Sanitation - At a glance,PARTIAL,"Cards for subscriptions (472,418, +16.6%), production (92.79 million m3, +5.4%), valid licences (297), population served by inspected projects (524,202), schools/health facilities connected (192/62)",Prior-year value for valid licences; non-revenue water card; drinking-water quality compliance card,NRW (%); drinking-water quality compliance (%); access to safe water (%) vs national target; hours of supply,KPI cards with target markers,"NRW by operator and service area; water quality test results (samples tested, compliant); access rate; average hours of supply per day",WASAC and licensed operator returns; Water department,Sector Dept (Water); External - WASAC/operators,"Request NRW, water quality and hours of supply",P1,"CHECK: card says 297 valid licences and 59 new, while the licensing table totals 63 new for 2025/26."
3. State of Regulated Sectors,3.4 Water and Sanitation - Sector Profile,AVAILABLE,Profile narrative,Nothing essential,n/a,n/a,n/a,n/a,Sector Dept (Water),Editorial only,P3,
3. State of Regulated Sectors,3.4 Water and Sanitation - Legal and Regulatory Framework / Tariffs,PARTIAL,Liquid waste regulations implemented; a water end-user tariff table in force since 1 February 2019; reference to a combined urban water and sanitation tariff approved by the Board,"The approved combined urban water and sanitation tariff: levels, lifeline block and effective date",Tariff by consumption block before and after; % change; effect on a representative household bill; lifeline block protection,Tariff block comparison bar (before vs after); representative bill impact chart,"Approved combined water and sanitation tariff schedule with effective date, and the 2019 schedule it replaces",Regulatory Board decision; Water department,Sector Dept (Water) + Board Secretariat,Supply the approved tariff schedule and effective date,P1,Same issue as Energy: the year's principal water price decision is referenced but never stated. Note the displayed tariff table dates from 2019 and appears twice (also in chapter 4.3).
3. State of Regulated Sectors,3.4 Water and Sanitation - Licensing,AVAILABLE,Trend in valid licences by category 2020/21-2025/26 (Table 3.25); 59 (or 63) new licences; 297 valid,Reconciliation of the licence counts; processing time,New vs valid licences by category and year; licensee composition,6-year licensing trend (exists); licensee composition by category,Licence register reconciliation; application and decision dates,Water licensing records / CLMS,Sector Dept (Water); Data Analytics Team,Reconcile 59 vs 63 and restate the table title,P1,"CHECK: the table is titled 'valid licences' but shows new licences, and the 297 valid licences do not appear in it. Either retitle the table or add a valid-licence row."
3. State of Regulated Sectors,3.4 Water and Sanitation - Market Performance,PARTIAL,"Production 2020/21-2025/26 (59.52 -> 92.79 million m3), subscriptions 2020/21-2025/26 (263,344 -> 472,418), an index chart (2020/21 = 100) and a derived insight that production per subscription fell from 226 to 196 m3/year",Access to safe water (% of population) against the national target; hours of supply; non-revenue water; rural coverage by licensed operators; consumption per subscription; operator and geographic performance,NRW (%); access rate vs target; average hours of supply; consumption per subscription (m3); production per subscription; performance by operator and by district,Production vs subscriptions index chart (exists); production-per-subscription trend line; NRW by operator benchmark bar; district map of access or hours of supply; urban vs rural coverage comparison,"NRW by operator and service area, both years; access rate (urban/rural) and the NST2 target; average hours of supply per service area; billed vs produced volume; rural scheme coverage by licensed operator",WASAC and licensed private operator returns; Water department; NISR (population),Sector Dept (Water); External - WASAC/operators; Data Analytics Team (derived indicators and maps),Request NRW and hours of supply; DAT builds the per-subscription and district analyses,"P1 (NRW, access); P2 (hours of supply, district map)",CHECK: Figure 3.20 caption appears twice. CHECK: the subscriptions paragraph refers to 'the Company' without naming it; 'Gakenge' should be Gakenke. The falling production-per-subscription finding is the report's strongest derived water insight and should be retained.
3. State of Regulated Sectors,3.4 Water and Sanitation - Compliance Monitoring and Enforcement,PARTIAL / MISSING (results),"22 expansion projects inspected across 7 districts; population served (524,202) and institutions connected (192 schools, 62 health facilities) by district (Table 40, Figure 29); inspection scope described (design parameters, water quality, treatment facilities, bulk meters)","Drinking-water quality compliance results, operator inspections (as distinct from project inspections), directives issued and penalties",Water quality compliance rate (%); samples tested vs compliant by operator and parameter; operator inspections and compliance rate; directives issued vs implemented; penalties,Water-quality compliance rate by operator/parameter bar; district map of inspected projects and population served; compliance funnel,"Drinking-water quality test results (samples tested, parameters, compliance) by operator and service area; operator inspection register; directive and penalty registers",Water department inspection records; operator/WASAC laboratory results; RSB where applicable,Sector Dept (Water); External - operators,Supply water quality compliance results and operator inspection counts,P1,"The 22 inspected projects are an activity count with good outcome data attached (population served, institutions connected) - a model for the rest of the report. The missing piece is quality compliance."
3. State of Regulated Sectors,3.5 Transport - At a glance,PARTIAL,"Cards for licensed bus/minibus fleet (2,665, -22.2%), licensed electric motorcycles (30,226, x3.8), transport offences (1,689)",Prior-year comparator for offences; a safety indicator; a fare/affordability indicator,"Offences per 1,000 licensed vehicles; road safety indicator for licensed operators; fare affordability",KPI cards with target markers,FY2024/25 offence count; accidents involving licensed operators; approved fares,Transport department enforcement records; RNP (accidents),Sector Dept (Transport); External - RNP,Request prior-year offences and accident data,P1,
3. State of Regulated Sectors,3.5 Transport - Sector Profile,AVAILABLE,Profile narrative and complaint figures,Nothing essential,n/a,n/a,n/a,n/a,Sector Dept (Transport),Reconcile the complaint figures with chapter 5,P1,"CHECK (material): the Sector Profile reports 6,716 complaints received and 95% handled, while chapter 5 and the Executive Summary report 1,770 received and 90% handled. One of the two is wrong and both are published figures."
3. State of Regulated Sectors,3.5 Transport - Legal and Regulatory Framework,PARTIAL,Gross Contract Model framework; intercity fare review; transfer of driving-school oversight to RNP,"The outcome of the intercity fare review: fare levels decided, the change and the effective date",Fare levels before and after by route category; % change; affordability effect,Fare comparison bar by route category; fare per km trend,Approved intercity fare schedule with effective date and the schedule it replaces,Regulatory Board decision; Transport department,Sector Dept (Transport) + Board Secretariat,Supply the fare review outcome,P1,Third instance of the same pattern: a price decision announced but not stated.
3. State of Regulated Sectors,3.5 Transport - Licensing,AVAILABLE,"94,081 licences and authorisations (+32.7%); comparative summary by category over two years (Table 3.26); motorcycle authorisations 81,705 (+44.8%)",Processing time; licence compliance (licensed vs operating),Licences by category and year; growth by category; processing time,Licensing YoY change by category (exists as Figure 3.21 for fleet); licensing volume trend,Application and decision dates; category-level 5-year series,CLMS,Data Analytics Team; Sector Dept (Transport),Extend to five years; compute processing times,P2,A reviewer comment on Table 3.26 asks whether the 2024-2025 columns are kept or removed - the recommendation is to keep them: YoY comparison is the point of the table.
3. State of Regulated Sectors,3.5 Transport - Market Performance,AVAILABLE (strong),"Fleet size by service category for both years (Table 3.27) with a YoY change chart; bus/minibus fleet 3,427 -> 2,665 under the 20-year age limit; Gross Contract Model and bus lane results (fleet availability 95-97%, daily passengers 190,000 -> 219,000, corridor travel time -43%, peak waiting 12.6 -> 6.1 min on bus lanes and 13.4 -> 9.6 min network-wide, monthly revenue +39% to RWF 2.32 billion); green mobility (e-motorcycles 7,853 -> 30,226, e-taxis 34 -> 425, e-buses 40 -> 74)","AFC/e-ticketing analysis: passenger demand by route and operator, trips, fleet utilisation, temporal patterns, fare and ticketing compliance, geographic patterns. Charging infrastructure count for the e-mobility figures",Passengers per day by route and operator; trips per vehicle per day; fleet utilisation (%); peak vs off-peak demand profile; load factor; revenue per passenger; ticketing compliance (validated vs boarded); route-level demand vs capacity,"AFC-based route demand map; hourly/weekday demand heatmap; operator benchmarking (passengers, trips, availability, revenue per km); route-level demand vs capacity chart; before/after headway chart (exists as Figure 4.1); fleet composition and electrification trend; charging point map","AFC / e-ticketing transaction data: tap-in (and tap-out where available) records with timestamp, route, stop, operator, vehicle, fare product and amount, for FY2024/25 and FY2025/26; GTFS route and stop geometry; fleet register by operator with vehicle-days in service; charging points by location and operator",AFC/e-ticketing operator platform (fare collection); RURA GTFS route dataset; operator fleet returns,Data Analytics Team (analysis); External - AFC operator and bus operators (raw data); Sector Dept (Transport) to authorise the data request,Secure a standing AFC data feed and build the route/operator/temporal analysis,"P1 (secure the data and produce route-level demand and operator benchmarking); P2 (temporal heatmap, load factor, ticketing compliance)","This is the largest single opportunity in the report to move from licensing statistics to demand analytics. RURA already holds a GTFS primary-routes dataset and an AFC/e-ticketing relationship, so the data exists - the constraint is access and processing time, not availability. CHECK: the first paragraph of 'Gross Contract Model implementation progress' is duplicated."
3. State of Regulated Sectors,3.5 Transport - Compliance Monitoring and Enforcement,PARTIAL,"Daily monitoring in Kigali; 6 national inspection exercises; 1,689 offences recorded; the seven most recurring offences (Table 3.28, Figure 3.22) including 463 for using a non-licensed vehicle; student transport oversight","Number of enforcement measures by type (penalties, impoundments, suspensions, warnings) and safety data on licensed operators","Offences per 1,000 licensed vehicles; enforcement measures by type; repeat-offender rate; accidents involving licensed operators; motorcycle-related accidents or safety inspection results","Offence composition bar (exists); enforcement measures by type; offences per 1,000 licensed vehicles by category; district map of enforcement activity; accident trend for licensed operators","Enforcement register: measure type, count and value; repeat offenders; accidents involving licensed public transport and motorcycle operators (both years); safety inspection results",Transport department enforcement records; Rwanda National Police,Sector Dept (Transport); External - RNP (accident data),Supply enforcement measures by type and obtain accident data from RNP,P1,"The Emerging Risk callout on motorcycle growth (+44.8% authorisations, +58.3% fleet) explicitly needs a safety indicator to be credible. Without it the callout asserts a risk with no evidence of harm."
3. State of Regulated Sectors,3.6 Nuclear Safety and Radiation Protection - At a glance,PARTIAL,"Cards for applications received (46), licences completed (37), inspections (126), provinces covered (2 of 5), compliance rate (23%), licensing revenue (RWF 26.75m of 79.9m projected)","FY2024/25 comparators for applications, licences and inspections; definition of the compliance rate","Applications, licences and inspections with YoY change; compliance rate definition and value; inspection coverage (% of facilities and provinces)",KPI cards with prior-year comparators,"FY2024/25 applications received, licences completed and inspections conducted; the formula behind 'compliance rate 23%'",Nuclear department records,Sector Dept (Nuclear),Supply prior-year values and indicator definitions,P1,CHECK (material): compliance rate of 23% sits beside narrative text claiming 'a high level of regulatory compliance'. One is wrong. CHECK: revenue performance reported as 49.7% when 26.75/79.9 = 33.5%. CHECK: 'sector growth 110%' is undefined.
3. State of Regulated Sectors,3.6 Nuclear - Sector Profile,AVAILABLE,Profile narrative; 21 licensed facilities,Facility counts by category and their definition,Licensed facilities by category (medical / industrial / research); authorised sources by category and activity,Facility composition bar; source inventory by category,"Facility register by category; source inventory by radionuclide, activity and category",Nuclear department register,Sector Dept (Nuclear),Reconcile the facility counts,P1,"CHECK: 'over 20 regulated activities licensed', '21 licensed facilities' and '37 licences completed' need reconciling or defining - they appear to count different things."
3. State of Regulated Sectors,3.6 Nuclear - Legal and Regulatory Framework,AVAILABLE,"3 regulations under development, 4 guidelines, 4 strategies, 2 SOPs; 51 regulatory decisions; summary of regulatory activities (Table 3.29); National EPR Plan; INSServ workshop; authorisation and inspection procedures workshop",Status and date per instrument,Instruments by status,Instrument register table,"Title, status and date per instrument",Nuclear department; Legal,Sector Dept (Nuclear) + Legal,Supply for the Annex register,P2,
3. State of Regulated Sectors,3.6 Nuclear - Licensing,AVAILABLE,"Licensing summary (Table 3.30, Figure 3.23); medical sector licensed facilities (Table 3.31); 46 applications (6 returned, 1 rejected), 37 completed; cyclotron construction licensed",Operating licence timeline and oversight plan for the cyclotron; summary of services enabled during the year; authorised sources by category,"Licences by practice type; application outcomes (completed / returned / rejected); processing time; services enabled (cyclotron and PET/CT, radiotherapy, nuclear medicine centres)",Licensing summary chart (exists); application outcome funnel; medical facility map,Cyclotron operating licence milestones and dates; list of services enabled with dates; source inventory by category,Nuclear department records,Sector Dept (Nuclear),Add the services-enabled summary and the cyclotron oversight plan,P1 (services enabled); P2 (oversight plan),CHECK: draft Figure 13 duplicated Table 30 as an image and has been removed - confirm no cross-reference is left dangling.
3. State of Regulated Sectors,3.6 Nuclear - Market Performance,PARTIAL,Market performance indicators table (Table 3.32) including the 23% compliance rate and licensing revenue,"Safety indicators: occupational dose data, incidents; definitions for 'sector growth 110%' and 'performance rate 49.7%'",Occupational dose distribution and exceedances; radiation incidents reported and closed; licensing revenue vs projection (correctly computed); facility growth rate (defined),Occupational dose distribution histogram; incident trend; revenue vs projection bar,Occupational dose records by worker category (both years); dose exceedance count; incident register; lost or orphan source records; the formulas behind the reported growth and performance rates,Nuclear department dosimetry and incident records,Sector Dept (Nuclear),Supply dose and incident data and define every reported rate,P1,Dose and incident data are the only true safety outcome indicators available for this sector and are entirely absent. This is why the cross-sector quality row is empty for Nuclear.
3. State of Regulated Sectors,3.6 Nuclear - Compliance Monitoring and Enforcement,PARTIAL,"126 inspections (99 medical, 27 non-medical) with district-level tables for Eastern (Table 3.33) and Southern (Table 3.34) Provinces, a district chart (Figure 3.25) and a provincial map (Figure 3.26); field verification of industrial radiography and nuclear gauges; uranium site visits; emergency response simulation exercise; detection equipment","Inspection outcomes: ratings (satisfactory / below expectations / unacceptable), corrective actions and enforcement, occupational dose exceedances, lost or orphan sources",Inspection findings by rating; corrective actions issued vs closed; compliance rate by facility type; inspection coverage (% of licensed facilities inspected); geographic coverage (2 of 5 provinces),"Inspection outcome stacked bar by facility type; coverage map (inspected vs not inspected, all 5 provinces); corrective action closure funnel",Per-inspection rating and finding; corrective action register with closure status; number of licensed facilities per province (to compute coverage),Nuclear department inspection records,Sector Dept (Nuclear); Data Analytics Team (coverage and mapping),Supply inspection ratings and corrective action status,P1,"CHECK (material): the Conclusion says 46 medical and 27 non-medical inspections; the provincial tables give 99 medical and 27 non-medical (126 total). 46 is the Eastern Province total only. Inspections are counted but not rated - the section reports activity, not compliance outcome."
"4. Regulatory Interventions, Compliance and Enforcement",4.1 Regulatory instruments issued,PARTIAL,Instruments are listed sector by sector under each 'Legal and Regulatory Framework' heading and among the Board decisions in chapter 6,"A single consolidated table: title, sector, status (drafted / consulted / approved / gazetted), date",Instruments by sector and status; count approved and gazetted in the year,Consolidated instrument table; instruments by sector and status stacked bar; timeline strip,"Title, sector, type, status and date for every instrument issued in FY2025/26",Legal division register; Board decisions; sector departments,Corporate - Legal (consolidate); sector departments (supply),Build the consolidated register; it also serves Annex 9.5,P1,"Low data cost, high value: the source material already exists scattered through the report."
"4. Regulatory Interventions, Compliance and Enforcement",4.2 Licensing performance,MISSING,Nothing here - licence counts sit in each sector's Licensing section,"One cross-sector table of licences issued by sector, and average processing time against the service charter",Licences issued and renewed by sector; average and median processing time vs the service charter standard; % processed within standard,Cross-sector licensing volume bar; processing time vs service charter standard (box plot or bar with target line),"Per-application receipt date, decision date and outcome, all sectors; the service charter standard per licence type",CLMS (all sectors); service charter,Data Analytics Team (compute); sector departments (validate),DAT extracts processing times from CLMS and builds the cross-sector table,P1,"The draft already notes that processing-time monitoring was introduced under strategic initiative 4, so the data should exist in CLMS. This is the clearest example of a regulatory performance (not activity) indicator available at low cost."
"4. Regulatory Interventions, Compliance and Enforcement",4.3 Tariff and pricing decisions,MISSING,A 2019 water tariff table is reproduced here (duplicated from 3.4),"One table of the year's price decisions: electricity tariff, combined water and sanitation tariff, interconnection (termination) rates, intercity fares - with the change and the expected effect on consumers","Per decision: previous level, new level, % change, effective date, expected consumer effect",Price decision summary table; % change by decision bar; representative household bill impact chart,The four approved schedules with effective dates and the schedules they replace,Regulatory Board decisions; sector departments,"Board Secretariat + sector departments (Energy, Water, ICT, Transport)",Assemble the four decisions into one table,P1,"Highest-value low-cost addition in chapter 4: all four decisions were taken during the year and are referenced in the draft, but none of the numbers appear anywhere. Remove the duplicated 2019 water tariff table."
"4. Regulatory Interventions, Compliance and Enforcement",4.4 Compliance and enforcement,PARTIAL,A cross-sector compliance evidence table with Water (22 projects inspected) and Nuclear (126 inspections) partly filled; ICT tools listed without figures; Energy empty; mini-grid revocations noted,"Cross-sector compliance rates, directives issued and implemented, sanctions (number and value), repeat offenders",Inspections by sector; compliance rate (%) by sector on a stated definition; directives issued vs implemented; sanctions (count and RWF); repeat offender rate,"Cross-sector compliance dashboard (inspections, compliance rate, directives, sanctions); compliance funnel (inspected -> non-compliant -> directive -> remedied) by sector; sanctions value bar","Per sector: inspection count, non-compliance count, agreed compliance-rate definition, directive register with implementation status, sanction register with values, repeat offender identification",Sector department inspection and enforcement registers,Sector departments (all five); Data Analytics Team (aggregate and define the indicator),"Agree one cross-sector compliance-rate definition, then populate",P1,"A common definition must be agreed first, otherwise the Nuclear 23% and any ICT or Energy figure will not be comparable. This is the core of 'regulatory effectiveness' in the report."
"4. Regulatory Interventions, Compliance and Enforcement",4.5 Universal Access and Service Fund,PARTIAL,"Seven UAF interventions described: MNP preparatory works, internet bandwidth subsidy scheme, 109 new sites plus one year OPEX (including 8 in Nyungwe), BK Arena indoor coverage, RBA disaster recovery, RINEX disaster recovery and CoCCA licence renewal, Rwanda Coding Academy support","Results: population newly covered by the 109 sites, number of sites in operation, UAF spending for the year","Population newly covered; sites commissioned vs financed; UAF revenue, disbursement and spending by intervention; cost per person newly covered",Coverage map (before/after the 109 sites); UAF spending by intervention bar; sites financed vs in operation,Site-level list with location and commissioning status; population within coverage of each new site; UAF income and expenditure by intervention for FY2025/26,UAF financial statements; ICT department site records; NISR population grid,Corporate - Finance (UAF financials); Sector Dept (ICT) (site data); Data Analytics Team (coverage analysis and mapping),Supply UAF financials and site-level data; DAT computes newly covered population,P1 (spending and sites in operation); P2 (coverage map and cost per person covered),The activities are well described but no outcome is reported. Population newly covered is the indicator that turns 109 sites from an output into an outcome.
"4. Regulatory Interventions, Compliance and Enforcement",4.6 Regulatory impact case studies,PARTIAL,"One complete case study in the problem -> action -> result -> remaining gap -> next step format: the Gross Contract Model and dedicated bus lanes in Kigali, with Figure 4.1 on headways","The 'problem' (baseline before the reform - waiting times, overcrowding, operator model); the corridors and date for the next step; one or two further case studies in the same format","Baseline vs post-reform service indicators; candidate further cases: water expansion project inspections (524,202 people served, 192 schools, 62 health facilities) and e-mobility incentives (e-motorcycles x3.8)",Before/after comparison charts per case study; the existing headway chart,"Pre-reform baseline: waiting times, overcrowding measures, operator contract model; planned corridor extension list with dates",Transport department and City of Kigali records; Water and Transport departments for the further cases,Sector Dept (Transport) (baseline and corridors); Sector Dept (Water) and Sector Dept (Transport) (further cases),Complete the baseline and add one or two further case studies,P1 (complete the transport case); P2 (further case studies),The transport case study is the best piece of regulatory-effectiveness writing in the draft and the model for the rest of the report. The water expansion inspections already have the outcome data needed for a second case at almost no extra cost.
5. Consumer Protection,5.1 Complaints and redress,PARTIAL,"Transport only: 1,770 inquiries and complaints, 90% handled, categorised (CLMS-related 954, bus departure delays 418, fares and ticketing 350, lost luggage 48) with Figure 5.1","Complaints data for ICT, Energy and Water and Sanitation; public concerns about radiation and how they were handled; median resolution time for all sectors; redress secured","Per sector: complaints received, complaints per 10,000 customers, main causes, % resolved within the service standard, median resolution time, % resolved in the consumer's favour, redress secured (RWF)","Cross-sector complaints dashboard; complaints per 10,000 customers by sector (normalised benchmark); complaint cause composition by sector; resolution time distribution vs service standard; complaint trend by quarter","Per sector: complaint register with receipt date, category, closure date, outcome and any redress amount; customer base per sector for normalisation",Sector department complaint registers; CLMS; contact centre records,Sector departments (all five); Data Analytics Team (normalisation and analysis); Corporate - Communication (contact centre),Collect complaint registers from all five sectors on one template,P1,"CHECK (material and published): 1,770 received / 90% handled here and in the Executive Summary versus 6,716 received / 95% handled in the Transport Sector Profile. Must be resolved before publication. Also note 'handled' is not the same as 'resolved' - define the term."
5. Consumer Protection,5.2 Consumer education and awareness,PARTIAL,"8 consumer awareness campaigns and 6 TV/radio programmes (IGIHE, New Times, Vifo, Isango Star TV, TV & Radio 1, Capital FM), with three campaign photographs (Figures 5.2-5.4)","Audience reached, and any observable change in complaints or awareness following the campaigns",Audience reached per campaign and channel; cost per person reached; change in complaint volume or composition after campaigns; consumer awareness or satisfaction survey results,Campaign reach by channel bar; complaints before vs after campaign periods,Attendance or audience figures per campaign and broadcast; campaign cost; awareness/satisfaction survey results if any,Communication division records; broadcaster audience data,Corporate - Communication,Supply reach figures; consider moving the three campaign photographs to an annex,P2,Strategic initiative 9 expects an annual service quality and satisfaction survey from Year 3 and none is reported - if a survey exists it belongs here.
5. Consumer Protection,5.x Consolidated cross-sector view,MISSING,Three summary KPI cards exist but are empty,"Complaints per 10,000 customers, % resolved in the consumer's favour, redress secured (RWF), satisfaction survey results",Normalised complaint rate by sector; favourable resolution rate; total redress secured,"Cross-sector KPI card row; complaints per 10,000 customers benchmark bar",Complaint registers (all sectors) plus customer/subscriber base per sector for the denominator,"Sector departments; DAT for the denominators (subscriptions, customers, licensees)",Data Analytics Team (compute); sector departments (supply),Compute once the sector registers arrive,P1,Normalising complaints by customer base is what makes sectors comparable; raw counts across sectors of very different size are not informative.
"6. Corporate Governance, Stakeholder Engagement and Financial Performance",6.1 Regulatory Board overview,PARTIAL,"12 ordinary and 2 extraordinary meetings; decisions grouped by theme (legal and regulatory, audit and risk, human resources, strategy and institutional development)","Board members (names and roles), committee structure, attendance at the 14 meetings; internal audit and risk management results",Meetings held vs scheduled; attendance rate by member and committee; decisions taken by category; internal audit findings raised vs closed,Board composition table; attendance heatmap or rate bar; decisions by category bar; audit findings closure funnel,Board member list with roles and appointment dates; committee membership; attendance record per meeting; internal audit report findings with status; risk management annual review,Board Secretariat; Internal Audit,Corporate - Board Secretariat; Corporate - Internal Audit/Risk,"Supply the Board composition, attendance record and internal audit results",P1,Attendance and audit findings are standard governance disclosures for a regulatory authority and their absence will be noticed.
"6. Corporate Governance, Stakeholder Engagement and Financial Performance",6.2 Corporate performance - Human Resources,AVAILABLE,"Staff grew 124 -> 134; staff by gender and age group (Table 6.1); staff by education level (Table 6.2); eRecruitment portal with 1,000+ applications; three additional nuclear staff","Nothing essential; optional turnover, vacancy and training indicators","Staff growth; gender balance (% female, and % female in management); vacancy rate against the approved structure; turnover rate; training days per staff member",Staff composition charts (exist as tables); gender balance trend; vacancy rate against approved establishment,Approved establishment vs filled posts; leavers and joiners; training records; gender split by grade,Human Resources records,Corporate - Human Resources,Optional enrichment; fix the number formatting,P2,"CHECK: the paragraph on three additional nuclear staff comes from the Nuclear section - merge it with the HR figures. CHECK: staff tables mix decimal commas (71,5%) and decimal points - standardise on the decimal point throughout the report."
"6. Corporate Governance, Stakeholder Engagement and Financial Performance",6.2 Corporate performance - Information Systems,AVAILABLE,"Portfolio of digital systems (Table 6.3); CLMS enhanced and integrated with insurers and RDB; eRecruitment portal launched; Moto cooperative system (about 45,000 operators) in validation",Nothing essential; optional system availability and adoption indicators,System availability (%); transactions processed per system; % of licence applications submitted online; user adoption,System adoption/transaction volume bar; availability against target,System uptime logs; transaction counts per system; online vs offline application split,Information Systems division,Corporate - ICT / Information Systems,Optional enrichment,P2,Online application share would be a genuine digitisation outcome indicator for strategic goal 8.
"6. Corporate Governance, Stakeholder Engagement and Financial Performance",6.3 Stakeholder engagement and international cooperation,PARTIAL,"Nuclear cooperation in detail: MOUs with GNRA, PNRA and NISS; bilateral meeting with ROSTECHNADZOR; NEISA session hosted; IAEA INIR mission; SEA funding; agreements table (Table 6.4); five photographs","Consultations held across all sectors and what changed as a result; cooperation in other sectors (EACO, EREA, ITU and others)",Public consultations held by sector; submissions received; changes made as a result; memberships and international engagements by sector,Consultation activity by sector bar; consultation-to-change tracker table,"List of consultations by sector with dates, submissions received and resulting changes; non-nuclear international engagements",Sector departments; Legal; Communication,Sector departments (all five); Corporate - Legal; Corporate - Communication,Collect consultation records across all sectors,P1,"CHECK: the MOUs with GNRA, PNRA and NISS are described twice (Nuclear 'International Cooperation' and 'Key Achievements') - merge into one list. The chapter currently reads as a nuclear chapter; consultation records are also the evidence base for 'what changed as a result', which is the regulatory-effectiveness angle."
"6. Corporate Governance, Stakeholder Engagement and Financial Performance",6.4 Financial performance,MISSING,Three empty KPI cards only,"Revenue by source, expenditure, budget execution rate, UAF financials, and the external audit opinion for the last five years","Total revenue by source (regulatory fees, licence fees, other); expenditure by category; budget execution rate (%); revenue vs budget; UAF revenue and disbursement; audit opinion history",Revenue by source donut or stacked bar; budget vs actual bar; 5-year budget execution trend; audit opinion strip for five years; UAF income and spending,"FY2025/26 revenue by source, expenditure by category, approved budget and actual; UAF income statement; external audit opinion for FY2021/22-FY2025/26",Finance division; audited financial statements; Office of the Auditor General,Corporate - Finance,Supply the financial data and audit opinion history,P1,"The whole section is empty and it also blocks headline tile 16. Financial self-sufficiency is strategic goal 9, so the chapter cannot be rated without it."
"7. Challenges, Risks and Lessons Learned",7.1 Risk register,PARTIAL,"Nine risks identified and evidenced from the sector sections (petroleum storage below target, electricity reliability, LPG safety, falling supply per water connection, motorcycle safety and compliance, peak bus demand, persistent transport non-compliance, limited radiation inspection coverage, fixed broadband decline)","Likelihood rating, impact rating, risk owner and response for all nine risks",Risks by likelihood and impact; risks by sector; mitigation status,Risk heatmap (likelihood x impact) with the nine risks plotted; risks by sector bar,"Likelihood and impact ratings on RURA's own risk scale, named owner and documented response per risk",RURA risk register (Internal Audit/Risk); sector departments,Corporate - Internal Audit/Risk (rating scale and process); sector departments (rate and own their risks),Rate and assign all nine risks; document the response,P1,"The evidence column is already complete and quantified - only the ratings and owners are missing, which makes this a high-value, low-cost completion. Strategic initiative 15 expects a risk management framework and none is reported."
"7. Challenges, Risks and Lessons Learned",7.2 Challenges reported by the sectors,PARTIAL,"Challenges reported for Energy, Transport and Nuclear",Challenges for ICT and Water and Sanitation (none reported in the draft),Challenges by sector with evidence and regulatory implication,None new - narrative,Named challenges with supporting evidence for ICT and Water,Sector departments,Sector Dept (ICT); Sector Dept (Water),Request challenges from the two silent sectors,P1,"CHECK: the Energy challenges paragraph also lists priorities, which are carried into chapter 8 - confirm no duplication. Two sectors reporting no challenges at all is not credible and will read as an omission, particularly for ICT where fixed broadband declined."
"7. Challenges, Risks and Lessons Learned",7.3 Institutional risks and lessons learned,MISSING,Nothing - heading only,"Institutional risks (financial, staffing, cyber, legal) from the RURA risk register, and lessons learned during the year with what was changed as a result",Institutional risks by category with rating and response; lessons learned with the resulting change,Institutional risk heatmap; lessons-learned table,The corporate risk register with ratings and owners; documented lessons learned and the management action taken,RURA risk register; Internal Audit; management reports,Corporate - Internal Audit/Risk; Corporate - Strategy/Planning,Extract institutional risks from the register and document lessons learned,P1,'Lessons learned with what was changed as a result' is the most direct statement of institutional learning available and requires no new dataset.
8. Outlook and Priorities for FY2026/27,8.1 Priorities with targets and dates,PARTIAL,"Eleven priorities identified and listed with their sector (ICT 2, Energy 3, Transport 3, Nuclear 2, All 1)","A measurable target, a deadline and a responsible unit for every one of the eleven priorities","Per priority: baseline, FY2026/27 target, deadline, owner",Priority table with target and date columns; Gantt-style timeline of the eleven priorities,"Target value, deadline and owner for each of the eleven priorities",Sector departments; Strategy/Planning; FY2026/27 Annual Action Plan,Sector departments (all five); Corporate - Strategy/Planning,"Each department supplies target, date and owner for its priorities",P1,Eleven priorities with 33 empty cells. Without targets and dates this chapter cannot be used next year to report against commitments - which is exactly the gap section 2.4 is trying to close for FY2024/25. Breaking that cycle starts here.
8. Outlook and Priorities for FY2026/27,8.2 Sector priorities reported in the draft,PARTIAL,"Energy, Transport and Nuclear priorities reproduced; IAEA GC70 outlook with proposed MOUs (Table 8.1) and proposed bilateral meetings (Table 8.2)",ICT and Water and Sanitation priorities for FY2026/27,Priorities by sector with targets,None new - narrative and the two GC70 tables,FY2026/27 priorities from the ICT and Water departments,Sector departments,Sector Dept (ICT); Sector Dept (Water),Request priorities from the two missing sectors,P1,"CHECK: IAEA GC70 (14-18 September 2026) falls after the reporting period - it is correctly placed as outlook, not as a result, and must stay that way. The ICT projects listed under 'Legal and Regulatory Framework' (MNP, CNMS, NOC/SOC) can serve as the basis for the ICT priorities."
8. Outlook and Priorities for FY2026/27,8.3 Regulatory agenda,PARTIAL,A 'Text from the draft Conclusion' placeholder,The regulatory agenda: instruments and consultations planned for FY2026/27; confirmation of the priority list with each department,Planned instruments and consultations by sector and quarter,Regulatory agenda timeline by sector and quarter,List of instruments and consultations planned for FY2026/27 with indicative dates,Legal division; sector departments,Corporate - Legal; sector departments,Compile the forward regulatory agenda,P2,"CHECK: the draft Conclusion repeats the Executive Summary. Keep only the 'Looking ahead' paragraph as the basis for this chapter and delete the rest, otherwise the report ends with a duplicate."
9. Annexes,9.1 ICT licensing details,AVAILABLE,"Fourteen detailed licensing tables (ICT licences issued, tower permits, monthly type approvals with Figure 9.1, TV stations, FM radio stations and renewals, pay TV renewals, print media renewals, multimedia providers, online newspapers, courier licences, transportable earth stations, private mobile radio, FM broadcasting radiocommunication)",Nothing,n/a,Existing type-approval trend chart,n/a,CLMS / ICT records,Sector Dept (ICT),Keep in the annex - this is the right place for it,P1,"CHECK: March and April 2026 show identical type-approval values (228 approved, 39 rejected) - confirm this is not a copy error before publication."
9. Annexes,9.2 Statistical tables,PARTIAL,"Three series tables: ICT (9 indicators, Jun-21 to Jun-26), Water (2 indicators, 2020/21 to 2025/26), Energy (10 indicators, but most only FY2024/25 and FY2025/26; LPG imports from FY2022/23)",Every series extended to five years (FY2021/22-FY2025/26); Transport and Nuclear tables; the same tables published in Excel,Five-year series for every headline indicator in all five sectors,None - this is the data annex that feeds every chart in the report,"Five-year history for: energy (capacity, generation, peak demand, customers, losses, outages, outage hours, LPG storage); transport (licences and authorisations by category, fleet by category, offences, Kigali ridership); nuclear (applications, licences, inspections, revenue); plus the international bandwidth series for Jun-21 and Jun-22 which are missing",Sector departments; RURA database; operator returns,Data Analytics Team (assemble and publish); sector departments (supply history),Build the five-year statistical annex and publish it as Excel alongside the report,"P1 (energy and transport five-year series); P2 (nuclear series, Excel publication)","CHECK: the energy table is marked SOURCE TO CONFIRM. CHECK: several ICT chart series mix March and June reference dates. This annex is the foundation for the DG's trend-and-comparison requirement - without five-year history, no 3-5 year trend chart anywhere in the report can be produced."
9. Annexes,9.3 Audited financial statements,MISSING,Nothing - heading only,Audited financial statements for FY2025/26 with the auditor's report,n/a,n/a,Signed audited financial statements and audit report,Finance division; Office of the Auditor General,Corporate - Finance,Obtain and insert once the audit is signed off,P1,"Publication timing may depend on the audit cycle - confirm the expected sign-off date early, as it may determine the report's publication date."
9. Annexes,9.4 Strategic Plan KPI table,MISSING,Nothing - heading only,"Full KPI table: baseline, annual values, targets and status","Per KPI: baseline, Year-1 to Year-4 actuals, Year-4 target, achievement %, status",None - data annex (the chapter 2 charts draw on it),"The complete M&E Framework KPI set with baselines, targets and actuals",M&E Framework (Excel),Corporate - Strategy/Planning; Data Analytics Team (format),Release the M&E Framework; DAT formats it as the annex table,P1,Same single dependency as chapter 2 - one file unblocks both.
9. Annexes,9.5 Register of regulatory instruments,MISSING,Nothing - heading only; source material is scattered through chapter 3 and chapter 6,"All laws, regulations, guidelines and decisions issued during the year","Instruments by type, sector and status",None - register table,"Title, type, sector, status, date and gazette reference for every instrument",Legal division register; Board decisions,Corporate - Legal,Build once; it serves both 4.1 and this annex,P1,Note the draft mentions 51 nuclear regulatory decisions alone - confirm whether individual decisions are listed or only counted.
9. Annexes,9.6 Indicator definitions and data sources,MISSING,Nothing - heading only,"Definition, formula, source and data owner for each headline indicator",Indicator metadata for every headline indicator used in the report,None - metadata table,"Per indicator: name, definition, formula, unit, reference period, disaggregation, source system, data owner, known limitations","Data Analytics Team, working with each sector department",Data Analytics Team (own and maintain); sector departments (confirm definitions),Build the indicator dictionary alongside the statistical annex,P1,"This annex is the structural fix for several of the CHECK items: 'compliance rate 23%', 'sector growth 110%', 'performance rate 49.7%' and 'handled' vs 'resolved' are all undefined terms. Defining them once prevents the same contradictions recurring in FY2026/27. It is also the deliverable that makes the report reproducible."
Cross-cutting,Figure and table data provenance,PARTIAL,Most charts have been redrawn from the draft's own data and carry a source line,"Underlying data for the charts that exist only as images: the owned-fibre chart, Figure 3.12 and Figure 3.17 (petroleum imports)",n/a,Redrawn charts in the RURA standard style,Data tables behind the three image-only charts,"Sector departments (ICT, Energy)",Sector Dept (ICT); Sector Dept (Energy); Data Analytics Team (redraw),Supply the data tables so the charts can be redrawn,P1,"Image-only charts cannot be corrected, translated, recoloured or checked, and they break the visual standard."
Cross-cutting,Photograph rights and credits,CHECK,Sector banner images and several section photographs are in place,Ownership and licence confirmation for every photograph,n/a,RURA-owned photography where rights are unclear,Photograph credits and licence terms,Communication division,Corporate - Communication,Confirm rights or replace with RURA-owned photography,P1,CHECK: sector banner images appear to come from media websites. Publishing a national regulator's annual report with unlicensed photography is a legal and reputational risk. Applies to at least the five sector banners and the three consumer awareness photographs.
Cross-cutting,Reference period consistency,CHECK,Most series use June-to-June comparison,A single stated convention applied throughout,n/a,n/a,Restatement of the March-dated series on a June basis,Operator returns (ICT),Sector Dept (ICT); Data Analytics Team,Standardise on June 2025 -> June 2026 and state the convention in the indicator annex,P1,"CHECK: mobile money, fixed broadband and market share series mix March 2026 and June 2026 reference dates. Mixed periods make the YoY changes non-comparable, which undermines every derived figure in the ICT chapter."
Cross-cutting,Number and unit formatting,CHECK,Mostly consistent,"One convention for decimal separators, thousands separators, units and rounding",n/a,n/a,n/a,Editor,Editor / Data Analytics Team,Apply one numeric style throughout; state rounding rules,P2,"CHECK: staff tables mix decimal commas (71,5%) and decimal points. Water production is quoted as both '92 million' and 92.79 million m3. Capacity is given to three decimals (466.402 MW) in some places and one in others."
Cross-cutting,Derived-value transparency,PARTIAL,Editor-calculated values are consistently flagged with a dagger and the convention is explained,The same discipline applied to all calculations once departmental data arrives,n/a,n/a,n/a,Data Analytics Team,Data Analytics Team,Keep the dagger convention; record every formula in the indicator annex,P1,This convention is good practice and should be retained as the house standard. Twenty-two of the 22 CHECK items would have been prevented by it.
