ID,Proposed Title,Chapter/Section,Type of Visual,Indicators / Variables Required,Time Period,Required Disaggregation,Data Source,Responsible Team / Department,Intended Regulatory Message,Status,Priority
V01,FY2025/26 in Numbers,Front matter,"KPI card grid, 16 tiles","16 headline indicators, each with FY2025/26 value, FY2024/25 value, absolute change, % change and direction",FY2024/25 and FY2025/26,By sector (5) plus institutional,Sector departments; M&E Framework; Finance,Data Analytics Team (build); departments (supply 3 missing values),"The year in one page: what improved, what worsened, and by how much",PARTIAL - 14 of 16 tiles filled,P1
V02,Cross-sector regulatory performance scorecard,3.1 Cross-sector overview,"KPI card row / matrix, 5 sectors x 4 dimensions","Per sector: access/use growth %, price change %, one quality indicator, compliance rate %",FY2024/25 and FY2025/26,By sector,Sector departments; Board tariff decisions,Data Analytics Team (assemble); sector departments (supply),The five sectors compared on the same four regulatory dimensions - the report's single most comparative view,"PARTIAL - price, quality and compliance rows largely empty",P1
V03,Year-4 Strategic Plan scorecard,2.1 Scorecard by strategic goal,"Bullet chart (target vs actual) per goal, plus status stacked bar","Per goal: KPI, baseline, Year-4 target, Year-4 actual, achievement %, status",Year 1 to Year 4 of the Strategic Plan 2022-2027,By strategic goal (9) and initiative (17),M&E Framework (Excel),Corporate - Strategy/Planning (supply); Data Analytics Team (compute and draw),"Whether RURA is delivering its own strategy, measured against its own targets",MISSING - all targets and results empty,P1
V04,Status of the 17 strategic initiatives,2.2 Strategic initiatives,Horizontal stacked bar by status,Initiative status counts (Achieved / On track / Attention / Not achieved / Not assessed),Year 4,By initiative,M&E Framework; initiative owners,Corporate - Strategy/Planning,"Execution breadth at Year 4, and which initiatives are reporting nothing",PARTIAL - all 17 unrated,P1
V05,Annual Action Plan achievement,2.3 Annual Action Plan,Donut plus 3-year trend line,"Activities planned, achieved, partly achieved, not achieved; achievement rate %",FY2023/24 to FY2025/26,By department,Annual Action Plan monitoring report,Corporate - Strategy/Planning,"Delivery discipline against the annual plan, and whether it is improving",MISSING,P1
V06,Commitments from the FY2024/25 report,2.4 Commitments,Tracker table with status chips plus summary count bar,Each FY2024/25 commitment with outcome status and evidence,FY2024/25 commitments assessed at FY2025/26,By sector,FY2024/25 Annual Report; sector departments,Corporate - Strategy/Planning; sector departments,Accountability: RURA reports on what it said it would do,MISSING,P1
V07,"Mobile and internet penetration, 5-year trend",3.2 ICT Market Performance,Multi-series line chart,Mobile subscriptions per 100 inhabitants; internet subscriptions (mobile + fixed); mobile money SIMs per 100 inhabitants,June 2021 to June 2026 (5 years available),National,Statistical annex (data already assembled),Data Analytics Team,Access is growing steadily and mobile penetration has passed 100 per 100 inhabitants,AVAILABLE - data complete for 6 points,P1
V08,Mobile internet subscriptions by technology,3.2 ICT Market Performance,Stacked area or 100% stacked bar,"Subscriptions by technology (2G, 3G, 4G, 5G) and 4G share of total",June 2025 and June 2026 (extend to 5 years if available),By technology,Operator returns (Table 3.16),Sector Dept (ICT); Data Analytics Team,Network quality is improving through the shift to 4G; 3G is declining,AVAILABLE for 2 years; PARTIAL for a 5-year series,P1
V09,International bandwidth: equipped vs used,3.2 ICT Market Performance,Dual-series bar with utilisation % line,Equipped bandwidth (Mbps); used bandwidth (Mbps); utilisation % (used/equipped),June 2023 to June 2026 (Jun-21 and Jun-22 missing),National,Statistical annex,Data Analytics Team,"International capacity is not the binding constraint on internet use - access, affordability and domestic quality are",AVAILABLE for 4 years; 2 years missing,P1
V10,Operator quality of service against licensed standards,3.2 ICT Compliance,Operator benchmarking bar with threshold reference line,"Per operator and per licensed KPI: call drop rate, call setup success rate, data throughput, measured value vs licensed threshold",FY2024/25 and FY2025/26,By operator and by KPI,QoS measurement campaigns / CNMS,Sector Dept (ICT),Whether operators actually meet the quality standards their licences require - the sector's missing accountability view,MISSING - the largest analytical gap in the ICT chapter,P1
V11,Mobile market share trend by operator,3.2 ICT Market Performance,"Stacked area or multi-line, with HHI line",Subscriptions by operator; market share %; Herfindahl-Hirschman Index,June 2021 to June 2026,By operator,Operator returns,Data Analytics Team,Whether the market is becoming more or less concentrated - the competition question the report does not currently answer,"PARTIAL - single-year shares exist (Figures 3.2, 3.5, 3.8); the trend and HHI do not",P2
V12,Mobile data affordability,3.2 ICT Tariffs,"Bar chart vs regional benchmark, plus trend line",Price of a 1GB and 2GB mobile data basket; price per GB; basket price as % of average monthly income,June 2025 and June 2026; 5-year trend if available,By operator; benchmarked against EAC peers,Operator tariff filings; NISR income data,Sector Dept (ICT) and operators (prices); Data Analytics Team (compute),"Whether connectivity is becoming genuinely affordable, not merely available",MISSING - the draft has no affordability indicator,P2
V13,Monthly type approvals and rejection rate,9.1 Annex - ICT licensing,Bar plus line (rejection rate),Type approvals granted and rejected per month; rejection rate %,"FY2025/26, monthly",Monthly,CLMS / type approval records,Sector Dept (ICT),Licensing throughput and consistency of decisions,AVAILABLE (Figure 9.1 exists),P1
V14,"Installed capacity, peak demand and generation",3.3 Energy Market Performance,Multi-series line with reserve margin band,Installed capacity (MW); peak demand (MW); generation (MWh); reserve margin %,FY2021/22 to FY2025/26 (only 2 years currently available),National; by generation source,REG/EUCL/EDCL returns,Sector Dept (Energy); External - utility; Data Analytics Team,Capacity is growing far more slowly than demand: +1.4% against +13.1% in one year,PARTIAL - 2 of 5 years available,P1
V15,Electricity generation mix,3.3 Energy Market Performance,Stacked bar or donut,"Installed capacity and generation by source (hydro, solar, thermal, methane, imports), MW and MWh",FY2024/25 and FY2025/26,By source and by plant,REG/EDCL returns,Sector Dept (Energy); External - utility,The composition of supply and the pace of the energy transition,MISSING,P1
V16,"Electricity reliability: outages, duration and losses",3.3 Energy Market Performance,Dual-axis trend (outage count and hours) with grid loss line,Recorded outages; total outage duration (hours); grid losses %; SAIDI; SAIFI,FY2021/22 to FY2025/26 (only 2 years currently available),National; by district or feeder if available,Utility returns; Energy department,Sector Dept (Energy); External - utility,Service reliability deteriorated while the customer base grew - the report's clearest negative service-performance finding,PARTIAL - counts for 2 years; SAIDI/SAIFI missing entirely,P1
V17,Liquid fuel storage against the national target,3.3 Energy Market Performance,Progress bar / bullet chart with target line,Installed storage (million litres); operational storage; the 337 million litre National Downstream Petroleum Policy target; days of cover,"FY2025/26, with trajectory to the target",By product and by facility,Energy department; petroleum operators,Sector Dept (Energy),National fuel security stands at roughly 35% of the policy target - a stated strategic risk,AVAILABLE for the current value; trajectory and days of cover MISSING,P1
V18,Petroleum product imports by category,3.3 Energy Market Performance,Stacked bar,"Import volumes by product (petrol, diesel, kerosene, jet fuel, LPG)",FY2022/23 to FY2025/26,By product,Importer returns; Energy department,Sector Dept (Energy) (supply data); Data Analytics Team (redraw),Demand composition and the growth of LPG within it,PARTIAL - Figure 3.17 exists only as an image with no underlying data,P1
V19,LPG storage capacity by province,3.3 Energy Market Performance,Choropleth map,Installed LPG storage capacity (MT) by province; number of licensed facilities,FY2024/25 and FY2025/26,By province (and district if available),RURA (Table 3.24),Data Analytics Team,Where clean-cooking supply infrastructure is concentrated and where it is thin,AVAILABLE (Figure 3.15 exists; boundaries indicative),P1
V20,Energy compliance and enforcement,3.3 Energy Compliance,Compliance funnel by facility type plus fuel-quality pass rate trend,"Inspections by facility type; non-compliance found; directives issued and implemented; penalties (count and RWF); fuel samples tested, passed and failed",FY2024/25 and FY2025/26,"By facility type (petrol station, LPG facility, electrical installation) and district",Energy department inspection register; RSB laboratory results,Sector Dept (Energy); External - RSB,Whether the safety-critical parts of the energy sector are actually being policed,MISSING - the section does not exist,P1
V21,"Water production and subscriptions, indexed",3.4 Water Market Performance,Indexed multi-line (2020/21 = 100) plus production-per-subscription line,Production (million m3); subscriptions; production per subscription (m3/year),2020/21 to 2025/26 (6 years available),National; by service area if available,Statistical annex (data already assembled),Data Analytics Team,"Connections are growing faster than production, so supply per connection is falling - the report's strongest derived water finding",AVAILABLE (Figures 3.18-3.20 exist; note duplicated caption),P1
V22,Non-revenue water by operator,3.4 Water Market Performance,Operator benchmarking bar with regulatory target line,Non-revenue water % by operator; volume produced vs volume billed,FY2024/25 and FY2025/26,By operator and service area,WASAC and licensed operator returns,Sector Dept (Water); External - operators,How much treated water is lost before it reaches a paying customer - the key efficiency indicator the draft lacks,MISSING,P1
V23,Drinking-water quality compliance,3.4 Water Compliance,Compliance rate bar by operator and parameter,Samples tested; samples compliant; compliance rate % by parameter and operator,FY2024/25 and FY2025/26,"By operator, service area and parameter",Operator/WASAC laboratory results; Water department,Sector Dept (Water); External - operators,"Whether the water supplied is safe, not merely available",MISSING,P1
V24,Water expansion project inspections: reach by district,3.4 Water Compliance,Choropleth map plus district bar,"Projects inspected; population served; schools and health facilities connected, by district",FY2025/26,By district (7 districts covered),RURA Water Projects Monitoring (Table 40),Data Analytics Team,"Where regulatory oversight delivered measurable access gains - 524,202 people, 192 schools, 62 health facilities",AVAILABLE (Figure 29 exists as a district bar; the map is the addition),P1
V25,"Route-level passenger demand, Kigali",3.5 Transport Market Performance,Flow map / choropleth on the GTFS route network,Passengers (tap-ins) by route and by stop; trips operated; passengers per trip; demand vs scheduled capacity,FY2024/25 and FY2025/26,"By route, stop, operator and direction",AFC / e-ticketing transaction data; RURA GTFS route dataset,Data Analytics Team (analysis); External - AFC operator (data); Sector Dept (Transport) (authorise),"Where public transport demand actually is, and where service does not match it - the single biggest analytical upgrade available to this report","MISSING from the report, but the underlying data exists",P1
V26,Temporal demand profile,3.5 Transport Market Performance,Heatmap (hour of day x day of week),Boardings by hour and weekday; peak-to-base ratio,FY2025/26 (full year),"By hour, weekday, route and corridor",AFC / e-ticketing transaction data,Data Analytics Team; External - AFC operator,"When the network is under stress, which is what fleet allocation and peak-capacity decisions turn on",MISSING,P2
V27,"Operator benchmarking, public transport",3.5 Transport Market Performance,Multi-metric operator benchmark (small multiples or radar),"Per operator: passengers carried, trips operated, fleet availability %, vehicle utilisation (trips per vehicle-day), revenue per km, on-time performance",FY2024/25 and FY2025/26,By operator,AFC data; operator fleet returns; Gross Contract Model monitoring,Data Analytics Team; Sector Dept (Transport); External - operators,"Which operators deliver and which do not, on identical measures - the basis for performance-based contracting",PARTIAL - aggregate fleet availability (95-97%) reported; nothing per operator,P1
V28,Bus waiting intervals before and after the Gross Contract Model,4.6 Case study,Before/after paired bar,Peak waiting interval on bus lanes (12.6 -> 6.1 min) and network-wide (13.4 -> 9.6 min); corridor travel time change (-43%),Pre-reform baseline and June 2026,By corridor (4 priority routes) and network-wide,Transport department; Gross Contract Model monitoring,Sector Dept (Transport),A documented regulatory intervention with a measured service outcome - the model for the whole report,AVAILABLE (Figure 4.1 exists); the pre-reform baseline description is still missing,P1
V29,Licensed fleet change by service category,3.5 Transport Market Performance,YoY % change bar (diverging),"Fleet by service category, FY2024/25 and FY2025/26; % change",FY2024/25 and FY2025/26,By service category,RURA (Table 3.27),Data Analytics Team,The 20-year age limit cut the bus fleet 22.2% while electric two-wheelers grew almost fourfold - regulation reshaping the fleet,AVAILABLE (Figure 3.21 exists),P1
V30,Electrification of the licensed fleet,3.5 Transport Market Performance,Stacked bar plus charging point map,"Electric motorcycles, taxis and buses (7,853 -> 30,226; 34 -> 425; 40 -> 74); electric share of each category; charging and battery-swap points by location",FY2024/25 and FY2025/26,By vehicle category; charging points by district,Transport department licence records; charging operator returns,Sector Dept (Transport); Data Analytics Team,The green mobility transition is real in two-wheelers; whether charging infrastructure is keeping pace is unanswered,PARTIAL - vehicle counts available; charging infrastructure MISSING,P1
V31,Transport offences and enforcement,3.5 Transport Compliance,"Offence composition bar plus offences per 1,000 licensed vehicles","Offences by type (1,689 total; 463 non-licensed vehicle); enforcement measures by type; offences per 1,000 licensed vehicles; repeat offender rate",FY2024/25 and FY2025/26,"By offence type, district and operator category",Transport enforcement register,Sector Dept (Transport); Data Analytics Team (normalise),"Whether non-compliance is rising or falling relative to the size of the licensed fleet, not merely in absolute counts","PARTIAL - offence composition exists (Figure 3.22); no prior year, no enforcement measures, no normalisation",P1
V32,Motorcycle transport growth and safety,3.5 Transport Compliance,Dual-axis: authorisations and fleet growth vs accident or safety indicator,"Motorcycle authorisations (81,705, +44.8%); licensed taxi fleet growth (+58.3%); motorcycle-related accidents or safety inspection results",FY2024/25 and FY2025/26,National and by district,Transport department; Rwanda National Police,Sector Dept (Transport); External - RNP,Whether the fastest-growing licensed segment is getting safer or more dangerous,PARTIAL - growth figures available; the safety indicator is MISSING and the Emerging Risk callout depends on it,P1
V33,Radiation inspection coverage,3.6 Nuclear Compliance,"Choropleth map of all 5 provinces, inspected vs not inspected","Inspections by district and province (126 total: Eastern 46, Southern 80); licensed facilities per province; coverage % (facilities inspected / facilities licensed)",FY2024/25 and FY2025/26,"By province, district and facility type",Nuclear department inspection register and facility register,Data Analytics Team; Sector Dept (Nuclear),"Inspections reached only 2 of 5 provinces - a stated regulatory coverage gap, and the honest framing of the 126 figure","PARTIAL - district and province charts exist (Figures 3.25, 3.26); the licensed-facility denominator is MISSING",P1
V34,Inspection findings by outcome,3.6 Nuclear Compliance,Stacked bar by facility type,Inspections rated satisfactory / below expectations / unacceptable; corrective actions issued and closed,FY2024/25 and FY2025/26,"By facility type (medical, industrial, research) and province",Nuclear department inspection records,Sector Dept (Nuclear),What the 126 inspections actually found - turning an activity count into a compliance outcome,MISSING,P1
V35,Occupational dose distribution,3.6 Nuclear Market Performance,Histogram plus exceedance count,Occupational dose by worker category; number and share exceeding the dose limit; incidents reported and closed; lost or orphan sources,FY2024/25 and FY2025/26,By worker category and facility type,Nuclear department dosimetry records,Sector Dept (Nuclear),The only genuine safety outcome indicator available for this sector,MISSING,P1
V36,Nuclear licensing throughput,3.6 Nuclear Licensing,Funnel plus licensing summary bar,"Applications received (46), returned (6), rejected (1), completed (37); licences by practice type; processing time",FY2024/25 and FY2025/26,By practice type,Nuclear department licensing records,Sector Dept (Nuclear),Licensing capacity and decision consistency,AVAILABLE for FY2025/26 (Figure 3.23); prior year MISSING,P1
V37,The year's price decisions,4.3 Tariff and pricing decisions,Paired bar (before vs after) plus representative bill impact,"Electricity tariff by customer class; combined water and sanitation tariff by block; interconnection (termination) rates; intercity fares - previous level, new level, % change, effective date",The schedules in force before and after each decision,"By customer class, consumption block and route category",Regulatory Board decisions,"Board Secretariat; sector departments (Energy, Water, ICT, Transport)",What RURA decided about prices this year and what it means for a typical household - currently absent from the entire report,"MISSING - all four decisions referenced, none quantified",P1
V38,Licensing performance against the service charter,4.2 Licensing performance,Processing time distribution with service charter target line,Licences issued by sector; average and median processing time; % processed within the service charter standard,FY2024/25 and FY2025/26,By sector and licence type,CLMS,Data Analytics Team,"RURA's own service performance as a licensing authority, measured against its published commitment",MISSING,P1
V39,Cross-sector compliance and enforcement,4.4 Compliance and enforcement,Compliance funnel by sector plus sanctions bar,"Per sector: inspections, non-compliance found, compliance rate % (one agreed definition), directives issued and implemented, sanctions (count and RWF), repeat offenders",FY2024/25 and FY2025/26,By sector,Sector inspection and enforcement registers,Sector departments (all five); Data Analytics Team (define and aggregate),"Whether regulation changes behaviour: found -> ordered -> remedied, on one comparable basis across five sectors",PARTIAL - 2 of 5 sectors have any figures,P1
V40,UAF coverage impact,4.5 Universal Access and Service Fund,Before/after coverage map plus spending by intervention,The 109 new sites with location and commissioning status; population within coverage before and after; UAF income and spending by intervention; cost per person newly covered,FY2025/26,By district and by intervention,ICT department site records; UAF financial statements; NISR population grid,Data Analytics Team (coverage analysis); Corporate - Finance (financials); Sector Dept (ICT) (site data),"What universal access money actually bought: people newly covered, not sites financed",MISSING,P1 (spending and sites); P2 (coverage map)
V41,Cross-sector complaints and resolution,5.1 Complaints and redress,Normalised benchmark bar plus resolution time distribution,"Per sector: complaints received, complaints per 10,000 customers, main causes, % resolved within the service standard, median resolution time, % resolved in the consumer's favour, redress secured (RWF)",FY2024/25 and FY2025/26; quarterly if available,By sector and complaint category,Sector complaint registers; CLMS; contact centre,Sector departments (all five); Data Analytics Team,"Where consumers are being let down, on a basis that lets sectors of very different size be compared","PARTIAL - Transport only (Figure 5.1), and its figures conflict between two sections",P1
V42,Risk heatmap,7.1 Risk register,Likelihood x impact scatter with the 9 identified risks plotted,"Per risk: likelihood rating, impact rating, owner, response status",FY2025/26,By sector,RURA risk register; sector departments,Corporate - Internal Audit/Risk; sector departments,"RURA's own view of what could go wrong in the sectors it regulates, and who owns it",PARTIAL - 9 risks identified and evidenced; no ratings or owners,P1
V43,FY2026/27 priorities timeline,8.1 Priorities with targets and dates,Gantt-style timeline with target markers,"Per priority: target value, deadline, owner, sector",FY2026/27,By sector (11 priorities),Sector departments; FY2026/27 Annual Action Plan,Sector departments; Corporate - Strategy/Planning,Commitments a reader can hold RURA to next year - and the input to next year's section 2.4,"PARTIAL - 11 priorities listed, 33 cells empty",P1
V44,RURA financial performance,6.4 Financial performance,Revenue composition plus budget vs actual plus 5-year audit opinion strip,Total revenue by source; expenditure by category; approved budget vs actual; budget execution %; UAF income and disbursement; external audit opinion,FY2021/22 to FY2025/26,By revenue source and expenditure category,Finance division; audited financial statements; Office of the Auditor General,Corporate - Finance,Financial self-sufficiency (strategic goal 9) and stewardship of public funds,MISSING - the entire section,P1
