Indicator,Definition,Formula,Unit,Reference Period,Disaggregation,Source System,Data Owner,Rounding,Known Limitations,Status
Mobile subscriptions per 100 inhabitants,Active mobile-cellular subscriptions per 100 population,Active mobile subscriptions / population x 100,per 100,June (point in time),National; by operator,Operator returns,Sector Dept - ICT,1 decimal,Population denominator source and vintage must be stated,DEFINED - confirm denominator
Internet subscriptions (total),Active mobile internet plus active fixed broadband subscriptions,Mobile internet + fixed broadband,count,June (point in time),By technology; mobile vs fixed,Operator returns,Sector Dept - ICT,Whole number,Baseline draft mislabels this as 'mobile' - see CHK-05,DEFINED - relabel required
International bandwidth utilisation,Share of equipped international bandwidth actually in use,Used bandwidth / equipped bandwidth x 100,%,June (point in time),National,Operator returns,Sector Dept - ICT,1 decimal,Jun-21 and Jun-22 values missing,DEFINED
Grid losses,Share of electricity sent out that is not billed,(Sent out - billed) / sent out x 100,%,Financial year,National,Utility returns,Sector Dept - Energy,2 decimals,Confirm whether technical and commercial losses are combined,TO CONFIRM
SAIDI,System Average Interruption Duration Index,Sum of customer interruption durations / total customers served,minutes or hours per customer,Financial year,National; by feeder,Utility returns,Sector Dept - Energy,2 decimals,Not currently reported - see REQ-31,NOT YET DEFINED
SAIFI,System Average Interruption Frequency Index,Total customer interruptions / total customers served,interruptions per customer,Financial year,National; by feeder,Utility returns,Sector Dept - Energy,2 decimals,Not currently reported - see REQ-31,NOT YET DEFINED
Non-revenue water,Share of water produced that does not generate revenue,(Produced - billed) / produced x 100,%,Financial year,By operator and service area,Operator returns,Sector Dept - Water,1 decimal,Not currently reported - see REQ-37,NOT YET DEFINED
Production per water subscription,Annual water production divided by subscriptions,Production (m3) / subscriptions,m3 per year,Financial year,National; by service area,RURA database,Data Analytics Team,Whole number,A derived indicator; fell from 226 to 196 since 2020/21,DEFINED
Compliance rate,UNDEFINED IN THE BASELINE. Reported as 23% for Nuclear with no formula,TO BE AGREED - must be one definition usable across all five sectors,%,Financial year,By sector and facility type,Sector inspection registers,Data Analytics Team to propose; sector depts to confirm,1 decimal,"Blocks section 4.4 and the cross-sector comparison. Must be agreed BEFORE data collection, not after - see CHK-03",NOT YET DEFINED - BLOCKING
Sector growth,UNDEFINED IN THE BASELINE. Reported as 110% for Nuclear,TO BE SUPPLIED,%,Financial year,By sector,Nuclear department,Sector Dept - Nuclear,1 decimal,"Growth of what, measured how - see CHK-28",NOT YET DEFINED
Licensing revenue performance rate,Licensing revenue collected against projection,Revenue collected / revenue projected x 100,%,Financial year,By sector,Finance; sector depts,Corporate - Finance,1 decimal,Baseline reports 49.7% where the inputs give 33.5% - see CHK-04,DEFINED - figure disputed
Complaints handled,UNDEFINED. Used interchangeably with 'resolved' in the baseline,TO BE AGREED - distinguish acknowledged / actioned / closed / resolved in the consumer's favour,%,Financial year,By sector and category,Complaint registers,Sector depts,1 decimal,Ambiguity contributes to CHK-01,NOT YET DEFINED - BLOCKING
"Complaints per 10,000 customers",Complaints received normalised by customer base,"Complaints received / customer base x 10,000","per 10,000",Financial year,By sector,Complaint registers + sector customer counts,Data Analytics Team,1 decimal,Requires a customer-base denominator per sector - the reason raw counts are not comparable,NOT YET DEFINED
"Offences per 1,000 licensed vehicles",Transport offences normalised by licensed fleet,"Offences recorded / licensed vehicles x 1,000","per 1,000",Financial year,By category and district,Enforcement register + licence register,Data Analytics Team,1 decimal,Needed to show whether non-compliance is genuinely rising,NOT YET DEFINED
Inspection coverage,Share of licensed facilities inspected during the year,Facilities inspected / facilities licensed x 100,%,Financial year,"By sector, province, facility type",Inspection and facility registers,Data Analytics Team,1 decimal,Requires the licensed-facility denominator - see REQ-57,NOT YET DEFINED
Valid vs new licences,Two distinct counts conflated in the baseline,Valid = in force at period end; New = issued during the period,count,Both point in time and financial year,By sector and category,CLMS / licence registers,Sector depts,Whole number,Conflation causes CHK-14,DEFINED - apply consistently
